game_id,map,game_type,player_id,weapon,kills,dmg,avg_dmg,deaths,total_time
4120524,pl_vigil_rc10,payload,[U:1:158510613],revolver,1,105,52.5,17,1261
4120524,pl_vigil_rc10,payload,[U:1:158510613],spy_cicle,6,2644,264.4,17,1261
4120524,pl_vigil_rc10,payload,[U:1:158510613],big_earner,6,2580,286.6666666666667,17,1261
4120524,pl_vigil_rc10,payload,[U:1:158510613],letranger,3,572,38.13333333333333,17,1261
4120524,pl_vigil_rc10,payload,[U:1:158510613],enforcer,0,25,25.0,17,1261
4120524,pl_vigil_rc10,payload,[U:1:1050276884],letranger,0,57,28.5,24,1261
4120524,pl_vigil_rc10,payload,[U:1:1050276884],knife,4,1920,274.2857142857143,24,1261
4120524,pl_vigil_rc10,payload,[U:1:1050276884],big_earner,3,1390,347.5,24,1261
4120524,pl_vigil_rc10,payload,[U:1:1050276884],enforcer,0,196,49.0,24,1261
4120524,pl_vigil_rc10,payload,[U:1:1050276884],revolver,0,170,56.666666666666664,24,1261
4120524,pl_vigil_rc10,payload,[U:1:1050276884],spy_cicle,2,940,313.3333333333333,24,1261
4120523,pl_upward_f12,payload,[U:1:99763301],revolver,3,1456,44.121212121212125,20,1566
4120523,pl_upward_f12,payload,[U:1:99763301],spy_cicle,10,4208,221.47368421052633,20,1566
4120523,pl_upward_f12,payload,[U:1:104774812],spy_cicle,9,4252,283.46666666666664,20,1566
4120523,pl_upward_f12,payload,[U:1:104774812],revolver,9,1305,39.54545454545455,20,1566
4120523,pl_upward_f12,payload,[U:1:104774812],enforcer,2,473,39.416666666666664,20,1566
4120522,pl_eruption_b16,payload,[U:1:352855852],revolver,7,1594,44.27777777777778,14,1171
4120522,pl_eruption_b16,payload,[U:1:352855852],knife,18,8300,360.8695652173913,14,1171
4120522,pl_eruption_b16,payload,[U:1:352855852],letranger,2,675,33.75,14,1171
4120522,pl_eruption_b16,payload,[U:1:1251137842],letranger,0,40,40.0,23,1171
4120522,pl_eruption_b16,payload,[U:1:1251137842],spy_cicle,4,1960,245.0,23,1171
4120522,pl_eruption_b16,payload,[U:1:1251137842],enforcer,0,0,0.0,23,1171
4120522,pl_eruption_b16,payload,[U:1:1251137842],revolver,2,1010,40.4,23,1171
4120521,pl_vigil_rc10,payload,[U:1:131425954],letranger,1,380,34.54545454545455,11,921
4120521,pl_vigil_rc10,payload,[U:1:131425954],spy_cicle,8,3310,367.77777777777777,11,921
4120521,pl_vigil_rc10,payload,[U:1:131425954],enforcer,0,0,0.0,11,921
4120521,pl_vigil_rc10,payload,[U:1:131425954],revolver,4,1006,45.72727272727273,11,921
4120521,pl_vigil_rc10,payload,[U:1:131425954],big_earner,1,450,450.0,11,921
4120521,pl_vigil_rc10,payload,[U:1:121472947],spy_cicle,3,1430,286.0,15,921
4120521,pl_vigil_rc10,payload,[U:1:121472947],samrevolver,4,454,37.833333333333336,15,921
4120521,pl_vigil_rc10,payload,[U:1:121472947],letranger,1,433,39.36363636363637,15,921
4120521,pl_vigil_rc10,payload,[U:1:121472947],enforcer,1,154,51.333333333333336,15,921
4120518,pl_upward_f12,payload,[U:1:929136557],letranger,0,0,0.0,17,1208
4120518,pl_upward_f12,payload,[U:1:929136557],knife,8,3880,258.6666666666667,17,1208
4120518,pl_upward_f12,payload,[U:1:929136557],enforcer,1,99,49.5,17,1208
4120518,pl_upward_f12,payload,[U:1:929136557],revolver,0,450,50.0,17,1208
4120518,pl_upward_f12,payload,[U:1:929136557],spy_cicle,4,1020,204.0,17,1208
4120518,pl_upward_f12,payload,[U:1:70364704],revolver,1,437,43.7,23,1208
4120518,pl_upward_f12,payload,[U:1:70364704],spy_cicle,4,1880,313.3333333333333,23,1208
4120518,pl_upward_f12,payload,[U:1:70364704],letranger,0,47,47.0,23,1208
4120518,pl_upward_f12,payload,[U:1:70364704],enforcer,1,672,39.529411764705884,23,1208
4120512,pl_eruption_b16,payload,[U:1:178326661],spy_cicle,11,5000,294.11764705882354,16,1328
4120512,pl_eruption_b16,payload,[U:1:178326661],revolver,8,1923,44.72093023255814,16,1328
4120512,pl_eruption_b16,payload,[U:1:259951447],knife,10,4290,286.0,18,1328
4120512,pl_eruption_b16,payload,[U:1:259951447],samrevolver,2,811,50.6875,18,1328
4120512,pl_eruption_b16,payload,[U:1:259951447],letranger,2,374,34.0,18,1328
4120506,pl_upward_f12,payload,[U:1:445223556],letranger,0,84,42.0,20,1507
4120506,pl_upward_f12,payload,[U:1:445223556],big_earner,14,6514,271.4166666666667,20,1507
4120506,pl_upward_f12,payload,[U:1:445223556],kunai,2,1060,132.5,20,1507
4120506,pl_upward_f12,payload,[U:1:1007792924],spy_cicle,3,1590,198.75,22,1507
4120506,pl_upward_f12,payload,[U:1:1007792924],revolver,10,1612,44.77777777777778,22,1507
4120506,pl_upward_f12,payload,[U:1:1007792924],enforcer,2,1025,48.80952380952381,22,1507
4120506,pl_upward_f12,payload,[U:1:1007792924],world,1,0,0.0,22,1507
4120503,pl_eruption_b16,payload,[U:1:1008063241],knife,15,7270,250.68965517241378,31,2166
4120503,pl_eruption_b16,payload,[U:1:1008063241],revolver,0,46,46.0,31,2166
4120503,pl_eruption_b16,payload,[U:1:1103296314],letranger,0,103,34.333333333333336,27,2166
4120503,pl_eruption_b16,payload,[U:1:1103296314],spy_cicle,6,2700,450.0,27,2166
4120503,pl_eruption_b16,payload,[U:1:1103296314],big_earner,6,2780,347.5,27,2166
4120503,pl_eruption_b16,payload,[U:1:1103296314],enforcer,0,68,68.0,27,2166
4120503,pl_eruption_b16,payload,[U:1:1103296314],ambassador,0,96,48.0,27,2166
4120503,pl_eruption_b16,payload,[U:1:1103296314],kunai,20,8326,287.1034482758621,27,2166
4120502,pl_upward_f12,payload,[U:1:427452250],spy_cicle,4,1920,274.2857142857143,16,1237
4120502,pl_upward_f12,payload,[U:1:427452250],letranger,3,337,37.44444444444444,16,1237
4120502,pl_upward_f12,payload,[U:1:427452250],knife,3,1550,193.75,16,1237
4120502,pl_upward_f12,payload,[U:1:427452250],enforcer,2,1060,32.121212121212125,16,1237
4120502,pl_upward_f12,payload,[U:1:218084485],spy_cicle,14,6256,347.55555555555554,17,1237
4120502,pl_upward_f12,payload,[U:1:218084485],letranger,3,739,36.95,17,1237
4120502,pl_upward_f12,payload,[U:1:218084485],enforcer,0,88,29.333333333333332,17,1237
4120496,pl_eruption_b16,payload,[U:1:178326661],spy_cicle,16,5870,279.5238095238095,12,1475
4120496,pl_eruption_b16,payload,[U:1:178326661],revolver,13,1945,49.87179487179487,12,1475
4120496,pl_eruption_b16,payload,[U:1:259951447],spy_cicle,13,6014,334.1111111111111,21,1475
4120496,pl_eruption_b16,payload,[U:1:259951447],letranger,2,320,35.55555555555556,21,1475
4120496,pl_eruption_b16,payload,[U:1:259951447],knife,1,570,142.5,21,1475
4120496,pl_eruption_b16,payload,[U:1:259951447],samrevolver,1,195,48.75,21,1475
4120493,pl_eruption_b16,payload,[U:1:352855852],letranger,2,459,38.25,12,1082
4120493,pl_eruption_b16,payload,[U:1:352855852],knife,10,4024,211.78947368421052,12,1082
4120493,pl_eruption_b16,payload,[U:1:352855852],enforcer,1,92,46.0,12,1082
4120493,pl_eruption_b16,payload,[U:1:352855852],revolver,3,901,37.541666666666664,12,1082
4120493,pl_eruption_b16,payload,[U:1:1251137842],ambassador,1,448,26.352941176470587,17,1082
4120493,pl_eruption_b16,payload,[U:1:1251137842],spy_cicle,6,2700,450.0,17,1082
4120492,pl_eruption_b16,payload,[U:1:898531142],letranger,3,602,40.13333333333333,12,920
4120492,pl_eruption_b16,payload,[U:1:898531142],spy_cicle,4,2336,146.0,12,920
4120492,pl_eruption_b16,payload,[U:1:910718564],enforcer,1,128,32.0,12,920
4120492,pl_eruption_b16,payload,[U:1:910718564],revolver,0,726,31.565217391304348,12,920
4120492,pl_eruption_b16,payload,[U:1:910718564],knife,0,40,40.0,12,920
4120492,pl_eruption_b16,payload,[U:1:910718564],big_earner,6,2348,180.6153846153846,12,920
4120492,pl_eruption_b16,payload,[U:1:910718564],letranger,1,213,30.428571428571427,12,920
4120489,pl_eruption_b16,payload,[U:1:315914913],knife,24,11094,357.8709677419355,26,1468
4120489,pl_eruption_b16,payload,[U:1:315914913],letranger,1,454,41.27272727272727,26,1468
4120489,pl_eruption_b16,payload,[U:1:315914913],world,1,0,0.0,26,1468
4120489,pl_eruption_b16,payload,[U:1:1419159881],revolver,1,348,49.714285714285715,19,1468
4120489,pl_eruption_b16,payload,[U:1:1419159881],knife,11,5070,298.2352941176471,19,1468
4120489,pl_eruption_b16,payload,[U:1:1419159881],letranger,1,273,45.5,19,1468
4120489,pl_eruption_b16,payload,[U:1:1419159881],spy_cicle,1,450,450.0,19,1468
4120486,pl_eruption_b16,payload,[U:1:1269011568],knife,11,4706,362.0,12,804
4120486,pl_eruption_b16,payload,[U:1:1269011568],letranger,1,77,38.5,12,804
4120486,pl_eruption_b16,payload,[U:1:125026524],enforcer,0,356,32.36363636363637,9,804
4120486,pl_eruption_b16,payload,[U:1:125026524],knife,2,200,40.0,9,804
4120486,pl_eruption_b16,payload,[U:1:125026524],revolver,0,122,30.5,9,804
4120485,pl_eruption_b16,payload,[U:1:1008063241],revolver,0,46,46.0,18,1104
4120485,pl_eruption_b16,payload,[U:1:1008063241],knife,9,4370,257.05882352941177,18,1104
4120485,pl_eruption_b16,payload,[U:1:1103296314],kunai,16,6406,337.1578947368421,14,1104
4120485,pl_eruption_b16,payload,[U:1:1103296314],letranger,0,40,40.0,14,1104
4120485,pl_eruption_b16,payload,[U:1:1103296314],ambassador,0,49,49.0,14,1104
4120485,pl_eruption_b16,payload,[U:1:1103296314],spy_cicle,3,1350,450.0,14,1104
4120483,pl_eruption_b16,payload,[U:1:1441129933],spy_cicle,0,80,40.0,8,788
4120483,pl_eruption_b16,payload,[U:1:1441129933],letranger,2,431,39.18181818181818,8,788
4120483,pl_eruption_b16,payload,[U:1:1441129933],knife,9,3284,218.93333333333334,8,788
4120483,pl_eruption_b16,payload,[U:1:1441129933],enforcer,0,145,36.25,8,788
4120483,pl_eruption_b16,payload,[U:1:923345073],enforcer,1,338,48.285714285714285,9,788
4120483,pl_eruption_b16,payload,[U:1:923345073],spy_cicle,5,2370,296.25,9,788
4120483,pl_eruption_b16,payload,[U:1:923345073],revolver,0,147,49.0,9,788
4120482,pl_eruption_b16,payload,[U:1:122029495],revolver,0,0,0.0,0,61
4120482,pl_eruption_b16,payload,[U:1:49047009],revolver,1,414,34.5,8,556
4120482,pl_eruption_b16,payload,[U:1:49047009],black_rose,0,80,40.0,8,556
4120482,pl_eruption_b16,payload,[U:1:49047009],spy_cicle,1,450,450.0,8,556
4120482,pl_eruption_b16,payload,[U:1:44364283],spy_cicle,5,2330,332.85714285714283,7,526
4120482,pl_eruption_b16,payload,[U:1:44364283],letranger,0,88,29.333333333333332,7,526
4120482,pl_eruption_b16,payload,[U:1:44364283],ambassador,2,713,59.416666666666664,7,526
4120480,pl_eruption_b16,payload,[U:1:1145622737],sharp_dresser,9,4248,303.42857142857144,15,998
4120480,pl_eruption_b16,payload,[U:1:1145622737],letranger,2,255,31.875,15,998
4120480,pl_eruption_b16,payload,[U:1:214139350],spy_cicle,6,3060,204.0,16,998
4120480,pl_eruption_b16,payload,[U:1:214139350],letranger,1,219,43.8,16,998
4120469,pl_upward_f12,payload,[U:1:257179037],spy_cicle,16,7050,227.41935483870967,17,1495
4120469,pl_upward_f12,payload,[U:1:257179037],enforcer,5,1777,50.77142857142857,17,1495
4120469,pl_upward_f12,payload,[U:1:257179037],big_earner,0,40,40.0,17,1495
4120469,pl_upward_f12,payload,[U:1:257179037],world,1,0,0.0,17,1495
4120469,pl_upward_f12,payload,[U:1:165434797],letranger,2,465,38.75,26,1495
4120469,pl_upward_f12,payload,[U:1:165434797],knife,7,3078,307.8,26,1495
4120465,pl_eruption_b16,payload,[U:1:1441129933],letranger,0,92,46.0,12,1038
4120465,pl_eruption_b16,payload,[U:1:1441129933],knife,2,940,313.3333333333333,12,1038
4120465,pl_eruption_b16,payload,[U:1:1441129933],enforcer,0,337,37.44444444444444,12,1038
4120465,pl_eruption_b16,payload,[U:1:1441129933],spy_cicle,4,1430,286.0,12,1038
4120465,pl_eruption_b16,payload,[U:1:923345073],letranger,3,264,33.0,14,1038
4120465,pl_eruption_b16,payload,[U:1:923345073],big_earner,5,2130,266.25,14,1038
4120465,pl_eruption_b16,payload,[U:1:923345073],enforcer,3,489,48.9,14,1038
4120465,pl_eruption_b16,payload,[U:1:923345073],spy_cicle,2,1000,166.66666666666666,14,1038
4120461,pl_eruption_b16,payload,[U:1:898531142],spy_cicle,12,5382,316.5882352941176,20,1376
4120461,pl_eruption_b16,payload,[U:1:898531142],letranger,1,611,40.733333333333334,20,1376
4120461,pl_eruption_b16,payload,[U:1:898531142],revolver,0,53,53.0,20,1376
4120461,pl_eruption_b16,payload,[U:1:910718564],ambassador,0,0,0.0,15,1376
4120461,pl_eruption_b16,payload,[U:1:910718564],big_earner,1,450,450.0,15,1376
4120461,pl_eruption_b16,payload,[U:1:910718564],letranger,0,0,0.0,15,1376
4120461,pl_eruption_b16,payload,[U:1:910718564],revolver,8,2258,42.60377358490566,15,1376
4120461,pl_eruption_b16,payload,[U:1:910718564],knife,15,5800,241.66666666666666,15,1376
4120461,pl_eruption_b16,payload,[U:1:910718564],spy_cicle,0,40,40.0,15,1376
4120461,pl_eruption_b16,payload,[U:1:910718564],enforcer,0,236,47.2,15,1376
4120459,pl_eruption_b16,payload,[U:1:1008063241],knife,6,2900,241.66666666666666,13,1062
4120459,pl_eruption_b16,payload,[U:1:1008063241],revolver,0,0,0.0,13,1062
4120459,pl_eruption_b16,payload,[U:1:1103296314],letranger,0,63,31.5,13,1062
4120459,pl_eruption_b16,payload,[U:1:1103296314],spy_cicle,3,1350,450.0,13,1062
4120459,pl_eruption_b16,payload,[U:1:1103296314],big_earner,6,2780,347.5,13,1062
4120459,pl_eruption_b16,payload,[U:1:1103296314],enforcer,0,68,68.0,13,1062
4120459,pl_eruption_b16,payload,[U:1:1103296314],ambassador,0,47,47.0,13,1062
4120459,pl_eruption_b16,payload,[U:1:1103296314],kunai,4,1920,192.0,13,1062
4120454,pl_eruption_b16,payload,[U:1:259951447],letranger,3,712,39.55555555555556,14,1130
4120454,pl_eruption_b16,payload,[U:1:259951447],spy_cicle,10,4540,412.72727272727275,14,1130
4120454,pl_eruption_b16,payload,[U:1:898531142],letranger,1,328,41.0,12,1130
4120454,pl_eruption_b16,payload,[U:1:898531142],spy_cicle,15,6508,325.4,12,1130
4120454,pl_eruption_b16,payload,[U:1:898531142],knife,1,490,245.0,12,1130
4120452,pl_eruption_b16,payload,[U:1:1175991495],kunai,9,4330,270.625,8,650
4120452,pl_eruption_b16,payload,[U:1:214139350],knife,9,4056,338.0,10,650
4120452,pl_eruption_b16,payload,[U:1:214139350],letranger,1,167,27.833333333333332,10,650
4120451,pl_upward_f12,payload,[U:1:100364379],kunai,6,2570,197.69230769230768,10,791
4120451,pl_upward_f12,payload,[U:1:100364379],revolver,1,258,51.6,10,791
4120451,pl_upward_f12,payload,[U:1:929136557],letranger,0,46,23.0,18,792
4120451,pl_upward_f12,payload,[U:1:929136557],knife,10,4566,380.5,18,792
4120451,pl_upward_f12,payload,[U:1:929136557],ambassador,0,0,0.0,18,792
4120451,pl_upward_f12,payload,[U:1:929136557],enforcer,0,109,54.5,18,792
4120450,pl_upward_f12,payload,[U:1:131425954],letranger,0,41,41.0,11,570
4120450,pl_upward_f12,payload,[U:1:131425954],spy_cicle,3,1390,347.5,11,570
4120450,pl_upward_f12,payload,[U:1:131425954],enforcer,2,331,36.77777777777778,11,570
4120450,pl_upward_f12,payload,[U:1:131425954],knife,0,40,40.0,11,570
4120450,pl_upward_f12,payload,[U:1:99763301],spy_cicle,6,2820,313.3333333333333,10,570
4120450,pl_upward_f12,payload,[U:1:99763301],revolver,0,117,58.5,10,570
4120449,pl_upward_f12,payload,[U:1:145263945],revolver,8,2214,42.57692307692308,8,1088
4120449,pl_upward_f12,payload,[U:1:145263945],sharp_dresser,7,2816,312.8888888888889,8,1088
4120449,pl_upward_f12,payload,[U:1:1050276884],letranger,0,0,0.0,24,1088
4120449,pl_upward_f12,payload,[U:1:1050276884],knife,6,2780,347.5,24,1088
4120449,pl_upward_f12,payload,[U:1:1050276884],spy_cicle,2,940,313.3333333333333,24,1088
4120449,pl_upward_f12,payload,[U:1:1050276884],enforcer,2,474,43.09090909090909,24,1088
4120447,pl_vigil_rc10,payload,[U:1:234205523],letranger,1,307,43.857142857142854,14,1057
4120447,pl_vigil_rc10,payload,[U:1:234205523],spy_cicle,4,1430,286.0,14,1057
4120447,pl_vigil_rc10,payload,[U:1:234205523],enforcer,0,253,36.142857142857146,14,1057
4120447,pl_vigil_rc10,payload,[U:1:234205523],revolver,0,0,0.0,14,1057
4120447,pl_vigil_rc10,payload,[U:1:70364704],spy_cicle,7,3120,445.7142857142857,13,1034
4120447,pl_vigil_rc10,payload,[U:1:70364704],revolver,5,942,42.81818181818182,13,1034
4120447,pl_vigil_rc10,payload,[U:1:70364704],world,1,0,0.0,13,1034
4120447,pl_vigil_rc10,payload,[U:1:70364704],letranger,0,46,46.0,13,1034
4120447,pl_vigil_rc10,payload,[U:1:70364704],enforcer,1,116,58.0,13,1034
4120445,pl_upward_f12,payload,[U:1:1103296314],letranger,0,0,0.0,9,709
4120445,pl_upward_f12,payload,[U:1:1103296314],spy_cicle,5,2370,296.25,9,709
4120445,pl_upward_f12,payload,[U:1:1103296314],enforcer,0,151,50.333333333333336,9,709
4120445,pl_upward_f12,payload,[U:1:1103296314],kunai,1,530,176.66666666666666,9,709
4120445,pl_upward_f12,payload,[U:1:1103296314],ambassador,0,0,0.0,9,709
4120445,pl_upward_f12,payload,[U:1:346964782],knife,5,2480,190.76923076923077,9,709
4120445,pl_upward_f12,payload,[U:1:346964782],enforcer,0,0,0.0,9,709
4120445,pl_upward_f12,payload,[U:1:346964782],world,1,0,0.0,9,709
4120445,pl_upward_f12,payload,[U:1:346964782],letranger,1,197,39.4,9,709
4120444,pl_eruption_b16,payload,[U:1:1419159881],spy_cicle,5,1960,245.0,7,648
4120444,pl_eruption_b16,payload,[U:1:1419159881],revolver,0,58,58.0,7,648
4120444,pl_eruption_b16,payload,[U:1:1251137842],spy_cicle,4,1852,231.5,10,648
4120444,pl_eruption_b16,payload,[U:1:1251137842],ambassador,2,263,52.6,10,648
4120443,pl_upward_f12,payload,[U:1:257179037],big_earner,7,2170,217.0,17,948
4120443,pl_upward_f12,payload,[U:1:257179037],enforcer,0,171,57.0,17,948
4120443,pl_upward_f12,payload,[U:1:257179037],eternal_reward,1,530,176.66666666666666,17,948
4120443,pl_upward_f12,payload,[U:1:257179037],spy_cicle,1,530,176.66666666666666,17,948
4120443,pl_upward_f12,payload,[U:1:124473421],big_earner,2,1120,124.44444444444444,15,948
4120443,pl_upward_f12,payload,[U:1:124473421],letranger,0,313,28.454545454545453,15,948
4120443,pl_upward_f12,payload,[U:1:124473421],knife,4,1912,273.14285714285717,15,948
4120438,pl_eruption_b16,payload,[U:1:1175991495],eternal_reward,19,8478,292.3448275862069,32,1428
4120438,pl_eruption_b16,payload,[U:1:1175991495],letranger,0,0,0.0,32,1428
4120438,pl_eruption_b16,payload,[U:1:214139350],spy_cicle,2,980,245.0,20,1488
4120438,pl_eruption_b16,payload,[U:1:214139350],revolver,0,140,46.666666666666664,20,1488
4120438,pl_eruption_b16,payload,[U:1:214139350],knife,19,8210,264.83870967741933,20,1488
4120438,pl_eruption_b16,payload,[U:1:214139350],letranger,1,235,29.375,20,1488
4120438,pl_eruption_b16,payload,[U:1:214139350],ambassador,1,449,74.83333333333333,20,1488
4120436,pl_eruption_b16,payload,[U:1:923345073],enforcer,0,165,33.0,26,1056
4120436,pl_eruption_b16,payload,[U:1:923345073],revolver,1,318,35.333333333333336,26,1056
4120436,pl_eruption_b16,payload,[U:1:923345073],knife,0,40,40.0,26,1056
4120436,pl_eruption_b16,payload,[U:1:923345073],big_earner,2,900,450.0,26,1056
4120436,pl_eruption_b16,payload,[U:1:49047009],revolver,5,1042,43.416666666666664,14,1056
4120436,pl_eruption_b16,payload,[U:1:49047009],black_rose,9,4040,367.27272727272725,14,1056
4120436,pl_eruption_b16,payload,[U:1:49047009],enforcer,1,70,35.0,14,1056
4120434,pl_upward_f12,payload,[U:1:257179037],spy_cicle,6,2676,297.3333333333333,24,1567
4120434,pl_upward_f12,payload,[U:1:257179037],letranger,1,293,41.857142857142854,24,1567
4120434,pl_upward_f12,payload,[U:1:257179037],big_earner,3,1478,134.36363636363637,24,1567
4120434,pl_upward_f12,payload,[U:1:257179037],knife,7,2364,214.9090909090909,24,1567
4120434,pl_upward_f12,payload,[U:1:124473421],knife,6,2350,156.66666666666666,24,1459
4120434,pl_upward_f12,payload,[U:1:124473421],letranger,2,214,42.8,24,1459
4120434,pl_upward_f12,payload,[U:1:124473421],spy_cicle,1,530,176.66666666666666,24,1459
4120434,pl_upward_f12,payload,[U:1:124473421],big_earner,2,1060,176.66666666666666,24,1459
4120434,pl_upward_f12,payload,[U:1:124473421],enforcer,2,699,33.285714285714285,24,1459
4120434,pl_upward_f12,payload,[U:1:124473421],ambassador,1,179,89.5,24,1459
4120433,pl_vigil_rc10,payload,[U:1:445223556],big_earner,14,6460,358.8888888888889,19,1523
4120433,pl_vigil_rc10,payload,[U:1:445223556],letranger,0,65,32.5,19,1523
4120433,pl_vigil_rc10,payload,[U:1:445223556],kunai,14,6510,310.0,19,1523
4120433,pl_vigil_rc10,payload,[U:1:142815262],knife,3,1430,286.0,24,1523
4120433,pl_vigil_rc10,payload,[U:1:142815262],letranger,0,111,27.75,24,1523
4120433,pl_vigil_rc10,payload,[U:1:142815262],enforcer,1,443,34.07692307692308,24,1523
4120433,pl_vigil_rc10,payload,[U:1:142815262],spy_cicle,5,2330,332.85714285714283,24,1523
4120433,pl_vigil_rc10,payload,[U:1:142815262],revolver,3,1198,44.370370370370374,24,1523
4120431,pl_eruption_b16,payload,[U:1:352855852],knife,13,5586,349.125,12,1084
4120431,pl_eruption_b16,payload,[U:1:352855852],revolver,4,1329,42.87096774193548,12,1084
4120431,pl_eruption_b16,payload,[U:1:389863950],spy_cicle,2,900,450.0,16,1084
4120431,pl_eruption_b16,payload,[U:1:389863950],ambassador,0,60,20.0,16,1084
4120431,pl_eruption_b16,payload,[U:1:389863950],eternal_reward,5,2000,285.7142857142857,16,1084
4120431,pl_eruption_b16,payload,[U:1:389863950],knife,1,450,450.0,16,1084
4120431,pl_eruption_b16,payload,[U:1:389863950],letranger,0,23,23.0,16,1084
4120429,pl_eruption_b16,payload,[U:1:259951447],samrevolver,0,339,37.666666666666664,12,845
4120429,pl_eruption_b16,payload,[U:1:259951447],knife,7,2876,319.55555555555554,12,845
4120429,pl_eruption_b16,payload,[U:1:259951447],letranger,1,297,37.125,12,845
4120429,pl_eruption_b16,payload,[U:1:259951447],spy_cicle,1,530,176.66666666666666,12,845
4120429,pl_eruption_b16,payload,[U:1:898531142],spy_cicle,5,2250,375.0,7,847
4120429,pl_eruption_b16,payload,[U:1:898531142],letranger,2,253,31.625,7,847
4120429,pl_eruption_b16,payload,[U:1:898531142],knife,3,1140,142.5,7,847
4120427,pl_eruption_b16,payload,[U:1:1419159881],letranger,0,0,0.0,20,1365
4120427,pl_eruption_b16,payload,[U:1:1419159881],knife,5,2370,296.25,20,1365
4120427,pl_eruption_b16,payload,[U:1:1419159881],revolver,0,58,58.0,20,1365
4120427,pl_eruption_b16,payload,[U:1:1419159881],spy_cicle,5,2250,450.0,20,1365
4120427,pl_eruption_b16,payload,[U:1:1251137842],spy_cicle,17,7736,386.8,13,1365
4120427,pl_eruption_b16,payload,[U:1:1251137842],revolver,1,692,38.44444444444444,13,1365
4120427,pl_eruption_b16,payload,[U:1:1251137842],ambassador,1,282,56.4,13,1365
4120422,pl_eruption_b16,payload,[U:1:910718564],knife,2,900,450.0,13,1046
4120422,pl_eruption_b16,payload,[U:1:910718564],ambassador,1,36,36.0,13,1046
4120422,pl_eruption_b16,payload,[U:1:910718564],big_earner,20,8218,342.4166666666667,13,1046
4120422,pl_eruption_b16,payload,[U:1:910718564],letranger,2,126,31.5,13,1046
4120422,pl_eruption_b16,payload,[U:1:1441129933],letranger,0,17,17.0,17,1046
4120422,pl_eruption_b16,payload,[U:1:1441129933],big_earner,1,490,245.0,17,1046
4120422,pl_eruption_b16,payload,[U:1:1441129933],revolver,1,455,35.0,17,1046
4120422,pl_eruption_b16,payload,[U:1:1441129933],spy_cicle,5,1920,274.2857142857143,17,1046
4120422,pl_eruption_b16,payload,[U:1:1441129933],knife,2,900,450.0,17,1046
4120420,pl_eruption_b16,payload,[U:1:923345073],letranger,0,183,22.875,8,684
4120420,pl_eruption_b16,payload,[U:1:923345073],knife,1,490,245.0,8,684
4120420,pl_eruption_b16,payload,[U:1:49047009],enforcer,2,334,47.714285714285715,8,684
4120420,pl_eruption_b16,payload,[U:1:49047009],black_rose,2,940,313.3333333333333,8,684
4120420,pl_eruption_b16,payload,[U:1:49047009],revolver,2,268,44.666666666666664,8,684
4120413,pl_vigil_rc10,payload,[U:1:1007792924],revolver,5,649,38.1764705882353,9,671
4120413,pl_vigil_rc10,payload,[U:1:1007792924],enforcer,6,1151,47.958333333333336,9,671
4120413,pl_vigil_rc10,payload,[U:1:1007792924],spy_cicle,2,1020,204.0,9,671
4120413,pl_vigil_rc10,payload,[U:1:1285348966],spy_cicle,2,550,183.33333333333334,5,671
4120413,pl_vigil_rc10,payload,[U:1:1285348966],revolver,0,0,0.0,5,671
4120413,pl_vigil_rc10,payload,[U:1:1285348966],letranger,1,120,40.0,5,671
4120413,pl_vigil_rc10,payload,[U:1:1285348966],knife,1,450,450.0,5,671
4120394,pl_swiftwater_final1,payload,[U:1:160531776],revolver,8,1725,41.07142857142857,19,2042
4120394,pl_swiftwater_final1,payload,[U:1:160531776],spy_cicle,17,6992,317.8181818181818,19,2042
4120394,pl_swiftwater_final1,payload,[U:1:160531776],ambassador,2,205,51.25,19,2042
4120394,pl_swiftwater_final1,payload,[U:1:160531776],knife,4,1880,313.3333333333333,19,2042
4120394,pl_swiftwater_final1,payload,[U:1:160531776],letranger,0,0,0.0,19,2042
4120394,pl_swiftwater_final1,payload,[U:1:96363292],eternal_reward,1,450,450.0,22,2042
4120394,pl_swiftwater_final1,payload,[U:1:96363292],letranger,2,719,24.79310344827586,22,2042
4120394,pl_swiftwater_final1,payload,[U:1:96363292],knife,6,2858,259.8181818181818,22,2042
4120394,pl_swiftwater_final1,payload,[U:1:96363292],world,1,0,0.0,22,2042
4120394,pl_swiftwater_final1,payload,[U:1:983287384],letranger,1,17,17.0,7,765
4120394,pl_swiftwater_final1,payload,[U:1:983287384],spy_cicle,4,1372,137.2,7,765
4120394,pl_swiftwater_final1,payload,[U:1:983287384],enforcer,0,48,48.0,7,765
4120310,pl_swiftwater_final1,payload,[U:1:297902544],letranger,6,652,43.46666666666667,12,1341
4120310,pl_swiftwater_final1,payload,[U:1:297902544],kunai,47,20584,316.67692307692306,12,1341
4120310,pl_swiftwater_final1,payload,[U:1:1365412974],letranger,1,429,42.9,12,875
4120310,pl_swiftwater_final1,payload,[U:1:1365412974],spy_cicle,2,940,313.3333333333333,12,875
4120310,pl_swiftwater_final1,payload,[U:1:1365412974],samrevolver,0,57,28.5,12,875
4120310,pl_swiftwater_final1,payload,[U:1:1365412974],big_earner,1,450,450.0,12,875
4120310,pl_swiftwater_final1,payload,[U:1:34308565],revolver,0,60,60.0,5,200
4120310,pl_swiftwater_final1,payload,[U:1:34308565],big_earner,0,40,40.0,5,200
4120310,pl_swiftwater_final1,payload,[U:1:91882858],obj_minisentry,0,100,5.882352941176471,2,162
4120310,pl_swiftwater_final1,payload,[U:1:91882858],big_earner,1,490,245.0,2,162
4120310,pl_swiftwater_final1,payload,[U:1:91882858],revolver,0,53,53.0,2,162
4120308,pl_swiftwater_final1,payload,[U:1:297902544],letranger,6,652,43.46666666666667,12,1341
4120308,pl_swiftwater_final1,payload,[U:1:297902544],kunai,47,20584,316.67692307692306,12,1341
4120308,pl_swiftwater_final1,payload,[U:1:1365412974],letranger,1,429,42.9,12,875
4120308,pl_swiftwater_final1,payload,[U:1:1365412974],spy_cicle,2,940,313.3333333333333,12,875
4120308,pl_swiftwater_final1,payload,[U:1:1365412974],samrevolver,0,57,28.5,12,875
4120308,pl_swiftwater_final1,payload,[U:1:1365412974],big_earner,1,450,450.0,12,875
4120308,pl_swiftwater_final1,payload,[U:1:34308565],revolver,0,60,60.0,5,200
4120308,pl_swiftwater_final1,payload,[U:1:34308565],big_earner,0,40,40.0,5,200
4120308,pl_swiftwater_final1,payload,[U:1:91882858],obj_minisentry,0,100,5.882352941176471,2,162
4120308,pl_swiftwater_final1,payload,[U:1:91882858],big_earner,1,490,245.0,2,162
4120308,pl_swiftwater_final1,payload,[U:1:91882858],revolver,0,53,53.0,2,162
4120289,pl_vigil_rc10,payload,[U:1:1201453231],spy_cicle,4,1920,274.2857142857143,15,992
4120289,pl_vigil_rc10,payload,[U:1:1201453231],letranger,1,175,43.75,15,992
4120289,pl_vigil_rc10,payload,[U:1:1201453231],big_earner,1,450,450.0,15,992
4120289,pl_vigil_rc10,payload,[U:1:1201453231],ambassador,0,102,102.0,15,992
4120289,pl_vigil_rc10,payload,[U:1:1201453231],knife,0,40,40.0,15,992
4120289,pl_vigil_rc10,payload,[U:1:79888733],letranger,1,355,29.583333333333332,10,992
4120289,pl_vigil_rc10,payload,[U:1:79888733],world,1,0,0.0,10,992
4120289,pl_vigil_rc10,payload,[U:1:79888733],spy_cicle,7,3222,322.2,10,992
4120289,pl_vigil_rc10,payload,[U:1:79888733],enforcer,1,487,44.27272727272727,10,992
4120289,pl_vigil_rc10,payload,[U:1:79888733],ambassador,2,1124,41.629629629629626,10,992
4120276,pl_swiftwater_final1,payload,[U:1:440034504],spy_cicle,13,6010,353.52941176470586,14,1086
4120276,pl_swiftwater_final1,payload,[U:1:440034504],ambassador,1,293,36.625,14,1086
4120276,pl_swiftwater_final1,payload,[U:1:1205901721],spy_cicle,9,3654,332.1818181818182,14,1086
4120276,pl_swiftwater_final1,payload,[U:1:1205901721],samrevolver,1,545,41.92307692307692,14,1086
4120276,pl_swiftwater_final1,payload,[U:1:1205901721],enforcer,0,63,21.0,14,1086
4120276,pl_swiftwater_final1,payload,[U:1:1205901721],letranger,0,42,42.0,14,1086
4120276,pl_swiftwater_final1,payload,[U:1:1205901721],knife,1,450,450.0,14,1086
4120274,pl_swiftwater_final1,payload,[U:1:1201453231],spy_cicle,2,1020,204.0,17,1183
4120274,pl_swiftwater_final1,payload,[U:1:1201453231],letranger,0,118,39.333333333333336,17,1183
4120274,pl_swiftwater_final1,payload,[U:1:1201453231],ambassador,2,641,64.1,17,1183
4120274,pl_swiftwater_final1,payload,[U:1:1201453231],knife,6,2732,248.36363636363637,17,1183
4120274,pl_swiftwater_final1,payload,[U:1:1201453231],enforcer,0,0,0.0,17,1183
4120274,pl_swiftwater_final1,payload,[U:1:1201453231],revolver,2,450,32.142857142857146,17,1183
4120274,pl_swiftwater_final1,payload,[U:1:79888733],enforcer,4,971,30.34375,15,1183
4120274,pl_swiftwater_final1,payload,[U:1:79888733],world,1,0,0.0,15,1183
4120274,pl_swiftwater_final1,payload,[U:1:79888733],spy_cicle,7,3064,278.54545454545456,15,1183
4120274,pl_swiftwater_final1,payload,[U:1:79888733],ambassador,3,1297,51.88,15,1183
4120273,pl_swiftwater_final1,payload,[U:1:355826107],spy_cicle,7,3230,358.8888888888889,16,1033
4120273,pl_swiftwater_final1,payload,[U:1:355826107],samrevolver,0,254,31.75,16,1033
4120273,pl_swiftwater_final1,payload,[U:1:355826107],big_earner,4,1820,303.3333333333333,16,1033
4120273,pl_swiftwater_final1,payload,[U:1:355826107],letranger,0,90,45.0,16,1033
4120273,pl_swiftwater_final1,payload,[U:1:135385146],knife,12,5182,304.8235294117647,14,1033
4120273,pl_swiftwater_final1,payload,[U:1:135385146],letranger,3,521,40.07692307692308,14,1033
4120268,pl_vigil_rc10,payload,[U:1:99621532],spy_cicle,6,2642,330.25,14,1097
4120268,pl_vigil_rc10,payload,[U:1:99621532],letranger,1,116,38.666666666666664,14,1097
4120268,pl_vigil_rc10,payload,[U:1:99621532],enforcer,2,407,37.0,14,1097
4120268,pl_vigil_rc10,payload,[U:1:99621532],revolver,5,913,31.482758620689655,14,1097
4120268,pl_vigil_rc10,payload,[U:1:99621532],knife,5,2378,198.16666666666666,14,1097
4120268,pl_vigil_rc10,payload,[U:1:186812575],spy_cicle,5,2650,176.66666666666666,19,1097
4120268,pl_vigil_rc10,payload,[U:1:186812575],letranger,1,491,44.63636363636363,19,1097
4120268,pl_vigil_rc10,payload,[U:1:186812575],enforcer,1,416,46.22222222222222,19,1097
4120267,pl_swiftwater_final1,payload,[U:1:440034504],knife,6,2980,229.23076923076923,13,855
4120267,pl_swiftwater_final1,payload,[U:1:440034504],letranger,1,316,28.727272727272727,13,855
4120267,pl_swiftwater_final1,payload,[U:1:440034504],kunai,1,570,142.5,13,855
4120267,pl_swiftwater_final1,payload,[U:1:440034504],ambassador,1,102,102.0,13,855
4120267,pl_swiftwater_final1,payload,[U:1:1205901721],enforcer,1,162,40.5,9,855
4120267,pl_swiftwater_final1,payload,[U:1:1205901721],spy_cicle,2,834,166.8,9,855
4120267,pl_swiftwater_final1,payload,[U:1:1205901721],samrevolver,2,721,42.411764705882355,9,855
4120267,pl_swiftwater_final1,payload,[U:1:1205901721],knife,0,80,40.0,9,855
4120260,pl_swiftwater_final1,payload,[U:1:355826107],samrevolver,0,124,31.0,9,777
4120260,pl_swiftwater_final1,payload,[U:1:355826107],spy_cicle,9,4130,375.45454545454544,9,777
4120260,pl_swiftwater_final1,payload,[U:1:355826107],letranger,2,233,33.285714285714285,9,777
4120260,pl_swiftwater_final1,payload,[U:1:135385146],knife,7,3148,393.5,9,777
4120260,pl_swiftwater_final1,payload,[U:1:135385146],letranger,1,116,38.666666666666664,9,777
4120258,pl_swiftwater_final1,payload,[U:1:1365412974],spy_cicle,16,7440,338.1818181818182,35,2183
4120258,pl_swiftwater_final1,payload,[U:1:1365412974],letranger,0,201,33.5,35,2183
4120258,pl_swiftwater_final1,payload,[U:1:1365412974],enforcer,0,614,51.166666666666664,35,2183
4120258,pl_swiftwater_final1,payload,[U:1:1365412974],big_earner,6,2900,263.6363636363636,35,2183
4120258,pl_swiftwater_final1,payload,[U:1:1365412974],samrevolver,3,741,43.588235294117645,35,2183
4120258,pl_swiftwater_final1,payload,[U:1:915215817],spy_cicle,1,610,203.33333333333334,3,1786
4120258,pl_swiftwater_final1,payload,[U:1:915215817],letranger,0,199,39.8,3,1786
4120258,pl_swiftwater_final1,payload,[U:1:372241674],big_earner,8,3538,294.8333333333333,34,1891
4120258,pl_swiftwater_final1,payload,[U:1:372241674],knife,11,4778,227.52380952380952,34,1891
4120258,pl_swiftwater_final1,payload,[U:1:372241674],letranger,2,420,30.0,34,1891
4120258,pl_swiftwater_final1,payload,[U:1:372241674],spy_cicle,2,1140,162.85714285714286,34,1891
4120258,pl_swiftwater_final1,payload,[U:1:372241674],ambassador,0,0,0.0,34,1891
4120257,pl_vigil_rc10,payload,[U:1:99621532],revolver,3,353,44.125,12,757
4120257,pl_vigil_rc10,payload,[U:1:99621532],spy_cicle,2,612,306.0,12,757
4120257,pl_vigil_rc10,payload,[U:1:99621532],knife,3,1630,163.0,12,757
4120257,pl_vigil_rc10,payload,[U:1:99621532],letranger,1,80,26.666666666666668,12,757
4120257,pl_vigil_rc10,payload,[U:1:186812575],spy_cicle,6,2496,277.3333333333333,11,757
4120257,pl_vigil_rc10,payload,[U:1:186812575],letranger,3,622,41.46666666666667,11,757
4120257,pl_vigil_rc10,payload,[U:1:186812575],world,1,0,0.0,11,757
4120256,pl_vigil_rc10,payload,[U:1:435117887],letranger,0,338,33.8,20,1148
4120256,pl_vigil_rc10,payload,[U:1:435117887],spy_cicle,7,3390,260.7692307692308,20,1148
4120256,pl_vigil_rc10,payload,[U:1:435117887],revolver,0,93,46.5,20,1148
4120256,pl_vigil_rc10,payload,[U:1:435117887],enforcer,0,75,37.5,20,1148
4120256,pl_vigil_rc10,payload,[U:1:84558776],spy_cicle,12,5560,347.5,13,1148
4120256,pl_vigil_rc10,payload,[U:1:84558776],revolver,8,2284,43.92307692307692,13,1148
4120256,pl_vigil_rc10,payload,[U:1:84558776],letranger,1,90,45.0,13,1148
4120245,pl_swiftwater_final1,payload,[U:1:1221146873],knife,10,4566,285.375,12,1144
4120245,pl_swiftwater_final1,payload,[U:1:1221146873],letranger,4,672,32.0,12,1144
4120245,pl_swiftwater_final1,payload,[U:1:1178677122],knife,13,5756,230.24,16,1144
4120245,pl_swiftwater_final1,payload,[U:1:1178677122],revolver,1,218,27.25,16,1144
4120245,pl_swiftwater_final1,payload,[U:1:1178677122],world,1,0,0.0,16,1144
4120245,pl_swiftwater_final1,payload,[U:1:1178677122],enforcer,0,86,43.0,16,1144
4120244,pl_swiftwater_final1,payload,[U:1:1365412974],big_earner,3,1430,286.0,11,850
4120244,pl_swiftwater_final1,payload,[U:1:1365412974],samrevolver,0,104,52.0,11,850
4120244,pl_swiftwater_final1,payload,[U:1:1365412974],spy_cicle,4,1920,274.2857142857143,11,850
4120244,pl_swiftwater_final1,payload,[U:1:1365412974],letranger,0,170,34.0,11,850
4120244,pl_swiftwater_final1,payload,[U:1:1365412974],enforcer,0,215,53.75,11,850
4120244,pl_swiftwater_final1,payload,[U:1:372241674],knife,6,2858,204.14285714285714,17,847
4120244,pl_swiftwater_final1,payload,[U:1:372241674],letranger,1,109,27.25,17,847
4120244,pl_swiftwater_final1,payload,[U:1:372241674],spy_cicle,0,40,40.0,17,847
4120244,pl_swiftwater_final1,payload,[U:1:372241674],big_earner,3,1430,286.0,17,847
4120244,pl_swiftwater_final1,payload,[U:1:372241674],ambassador,0,0,0.0,17,847
4120241,pl_swiftwater_final1,payload,[U:1:99621532],enforcer,0,21,21.0,19,1371
4120241,pl_swiftwater_final1,payload,[U:1:99621532],revolver,8,1743,37.08510638297872,19,1371
4120241,pl_swiftwater_final1,payload,[U:1:99621532],knife,14,6370,235.92592592592592,19,1371
4120241,pl_swiftwater_final1,payload,[U:1:186812575],spy_cicle,14,6090,320.5263157894737,20,1371
4120241,pl_swiftwater_final1,payload,[U:1:186812575],letranger,3,910,35.0,20,1371
4120241,pl_swiftwater_final1,payload,[U:1:186812575],enforcer,0,378,37.8,20,1371
4120236,pl_swiftwater_final1,payload,[U:1:435117887],letranger,0,71,35.5,12,951
4120236,pl_swiftwater_final1,payload,[U:1:435117887],enforcer,1,116,38.666666666666664,12,951
4120236,pl_swiftwater_final1,payload,[U:1:435117887],spy_cicle,5,2370,296.25,12,951
4120236,pl_swiftwater_final1,payload,[U:1:435117887],ambassador,1,140,70.0,12,951
4120236,pl_swiftwater_final1,payload,[U:1:84558776],spy_cicle,8,3518,351.8,8,951
4120236,pl_swiftwater_final1,payload,[U:1:84558776],revolver,1,540,38.57142857142857,8,951
4120236,pl_swiftwater_final1,payload,[U:1:84558776],letranger,0,203,40.6,8,951
4120234,pl_swiftwater_final1,payload,[U:1:1648392294],enforcer,2,309,28.09090909090909,10,954
4120234,pl_swiftwater_final1,payload,[U:1:1648392294],letranger,0,44,44.0,10,954
4120234,pl_swiftwater_final1,payload,[U:1:1648392294],knife,5,2184,273.0,10,954
4120234,pl_swiftwater_final1,payload,[U:1:1648392294],revolver,3,433,33.30769230769231,10,954
4120234,pl_swiftwater_final1,payload,[U:1:1648392294],spy_cicle,2,796,132.66666666666666,10,954
4120234,pl_swiftwater_final1,payload,[U:1:211781085],spy_cicle,4,1740,435.0,5,511
4120234,pl_swiftwater_final1,payload,[U:1:211781085],revolver,2,532,53.2,5,511
4120234,pl_swiftwater_final1,payload,[U:1:414309690],letranger,0,0,0.0,8,440
4120234,pl_swiftwater_final1,payload,[U:1:414309690],revolver,2,682,42.625,8,440
4120234,pl_swiftwater_final1,payload,[U:1:414309690],spy_cicle,1,570,142.5,8,440
4120230,pl_swiftwater_final1,payload,[U:1:1365412974],letranger,0,31,31.0,24,1333
4120230,pl_swiftwater_final1,payload,[U:1:1365412974],spy_cicle,12,5520,368.0,24,1333
4120230,pl_swiftwater_final1,payload,[U:1:1365412974],enforcer,0,399,49.875,24,1333
4120230,pl_swiftwater_final1,payload,[U:1:1365412974],big_earner,3,1470,245.0,24,1333
4120230,pl_swiftwater_final1,payload,[U:1:1365412974],samrevolver,3,637,42.46666666666667,24,1333
4120230,pl_swiftwater_final1,payload,[U:1:915215817],spy_cicle,1,610,203.33333333333334,3,936
4120230,pl_swiftwater_final1,payload,[U:1:915215817],letranger,0,199,39.8,3,936
4120230,pl_swiftwater_final1,payload,[U:1:372241674],big_earner,5,2108,301.14285714285717,17,1044
4120230,pl_swiftwater_final1,payload,[U:1:372241674],knife,5,1920,274.2857142857143,17,1044
4120230,pl_swiftwater_final1,payload,[U:1:372241674],letranger,1,311,31.1,17,1044
4120230,pl_swiftwater_final1,payload,[U:1:372241674],spy_cicle,2,1100,183.33333333333334,17,1044
4120228,pl_swiftwater_final1,payload,[U:1:1648392294],spy_cicle,4,1482,211.71428571428572,4,759
4120228,pl_swiftwater_final1,payload,[U:1:1648392294],revolver,1,160,40.0,4,759
4120228,pl_swiftwater_final1,payload,[U:1:1648392294],enforcer,2,917,36.68,4,759
4120228,pl_swiftwater_final1,payload,[U:1:1648392294],player,1,0,0.0,4,759
4120228,pl_swiftwater_final1,payload,[U:1:211781085],knife,3,1430,286.0,10,759
4120228,pl_swiftwater_final1,payload,[U:1:211781085],revolver,4,810,36.81818181818182,10,759
4120228,pl_swiftwater_final1,payload,[U:1:211781085],spy_cicle,2,490,245.0,10,759
4120225,pl_swiftwater_final1,payload,[U:1:1221146873],knife,16,7314,281.3076923076923,13,1244
4120225,pl_swiftwater_final1,payload,[U:1:1221146873],letranger,2,143,28.6,13,1244
4120225,pl_swiftwater_final1,payload,[U:1:1178677122],revolver,1,230,38.333333333333336,20,1244
4120225,pl_swiftwater_final1,payload,[U:1:1178677122],knife,5,2610,174.0,20,1244
4120225,pl_swiftwater_final1,payload,[U:1:1178677122],enforcer,0,0,0.0,20,1244
4120225,pl_swiftwater_final1,payload,[U:1:1178677122],big_earner,3,1060,176.66666666666666,20,1244
4120224,pl_swiftwater_final1,payload,[U:1:435117887],spy_cicle,7,2900,241.66666666666666,11,1033
4120224,pl_swiftwater_final1,payload,[U:1:435117887],letranger,2,315,31.5,11,1033
4120224,pl_swiftwater_final1,payload,[U:1:435117887],enforcer,2,309,44.142857142857146,11,1033
4120224,pl_swiftwater_final1,payload,[U:1:435117887],revolver,0,32,32.0,11,1033
4120224,pl_swiftwater_final1,payload,[U:1:84558776],letranger,1,101,25.25,8,1033
4120224,pl_swiftwater_final1,payload,[U:1:84558776],spy_cicle,7,2788,348.5,8,1033
4120224,pl_swiftwater_final1,payload,[U:1:84558776],revolver,3,1004,34.62068965517241,8,1033
4120204,pl_swiftwater_final1,payload,[U:1:1164445830],knife,10,4800,252.6315789473684,17,1031
4120204,pl_swiftwater_final1,payload,[U:1:1164445830],letranger,0,78,39.0,17,1031
4120204,pl_swiftwater_final1,payload,[U:1:1164445830],world,1,0,0.0,17,1031
4120204,pl_swiftwater_final1,payload,[U:1:1164445830],enforcer,0,48,48.0,17,1031
4120204,pl_swiftwater_final1,payload,[U:1:1259109526],letranger,1,286,47.666666666666664,14,1031
4120204,pl_swiftwater_final1,payload,[U:1:1259109526],big_earner,15,6442,292.8181818181818,14,1031
4120204,pl_swiftwater_final1,payload,[U:1:1259109526],kunai,3,1350,450.0,14,1031
4120202,pl_swiftwater_final1,payload,[U:1:319340349],spy_cicle,7,3264,204.0,26,1527
4120202,pl_swiftwater_final1,payload,[U:1:319340349],letranger,5,817,40.85,26,1527
4120202,pl_swiftwater_final1,payload,[U:1:319340349],revolver,1,490,44.54545454545455,26,1527
4120202,pl_swiftwater_final1,payload,[U:1:319340349],ambassador,3,455,65.0,26,1527
4120202,pl_swiftwater_final1,payload,[U:1:319340349],kunai,13,6428,221.6551724137931,26,1527
4120202,pl_swiftwater_final1,payload,[U:1:101982160],revolver,1,806,42.421052631578945,17,1527
4120202,pl_swiftwater_final1,payload,[U:1:101982160],spy_cicle,13,5868,266.72727272727275,17,1527
4120202,pl_swiftwater_final1,payload,[U:1:101982160],letranger,1,223,44.6,17,1527
4120201,pl_swiftwater_final1,payload,[U:1:1879959143],revolver,3,287,47.833333333333336,15,1184
4120201,pl_swiftwater_final1,payload,[U:1:1879959143],spy_cicle,9,3812,224.23529411764707,15,1184
4120201,pl_swiftwater_final1,payload,[U:1:1879959143],enforcer,1,215,43.0,15,1184
4120201,pl_swiftwater_final1,payload,[U:1:1879959143],world,1,0,0.0,15,1184
4120201,pl_swiftwater_final1,payload,[U:1:1221146873],knife,16,7046,370.8421052631579,12,1185
4120201,pl_swiftwater_final1,payload,[U:1:1221146873],letranger,3,421,32.38461538461539,12,1185
4120196,pl_swiftwater_final1,payload,[U:1:319340349],spy_cicle,7,3264,204.0,26,1527
4120196,pl_swiftwater_final1,payload,[U:1:319340349],letranger,5,817,40.85,26,1527
4120196,pl_swiftwater_final1,payload,[U:1:319340349],revolver,1,490,44.54545454545455,26,1527
4120196,pl_swiftwater_final1,payload,[U:1:319340349],ambassador,3,455,65.0,26,1527
4120196,pl_swiftwater_final1,payload,[U:1:319340349],kunai,13,6428,221.6551724137931,26,1527
4120196,pl_swiftwater_final1,payload,[U:1:101982160],revolver,1,806,42.421052631578945,17,1527
4120196,pl_swiftwater_final1,payload,[U:1:101982160],spy_cicle,13,5868,266.72727272727275,17,1527
4120196,pl_swiftwater_final1,payload,[U:1:101982160],letranger,1,223,44.6,17,1527
4120194,pl_swiftwater_final1,payload,[U:1:1164445830],knife,16,6940,223.8709677419355,21,1492
4120194,pl_swiftwater_final1,payload,[U:1:1164445830],enforcer,1,91,30.333333333333332,21,1492
4120194,pl_swiftwater_final1,payload,[U:1:1164445830],letranger,0,62,31.0,21,1492
4120194,pl_swiftwater_final1,payload,[U:1:1259109526],knife,1,450,450.0,17,1492
4120194,pl_swiftwater_final1,payload,[U:1:1259109526],letranger,3,414,41.4,17,1492
4120194,pl_swiftwater_final1,payload,[U:1:1259109526],spy_cicle,2,900,450.0,17,1492
4120194,pl_swiftwater_final1,payload,[U:1:1259109526],big_earner,22,9814,316.5806451612903,17,1492
4120190,pl_swiftwater_final1,payload,[U:1:1879959143],spy_cicle,6,1838,114.875,19,1152
4120190,pl_swiftwater_final1,payload,[U:1:1879959143],big_earner,1,80,40.0,19,1152
4120190,pl_swiftwater_final1,payload,[U:1:1879959143],revolver,0,149,49.666666666666664,19,1152
4120190,pl_swiftwater_final1,payload,[U:1:1879959143],enforcer,1,109,54.5,19,1152
4120190,pl_swiftwater_final1,payload,[U:1:1221146873],knife,11,5416,235.47826086956522,11,1152
4120190,pl_swiftwater_final1,payload,[U:1:1221146873],letranger,2,404,36.72727272727273,11,1152
4120190,pl_swiftwater_final1,payload,[U:1:1221146873],world,1,0,0.0,11,1152
4120100,pl_vigil_rc10,payload,[U:1:188633911],letranger,1,198,39.6,12,1033
4120100,pl_vigil_rc10,payload,[U:1:188633911],spy_cicle,12,5520,368.0,12,1033
4120100,pl_vigil_rc10,payload,[U:1:188633911],big_earner,0,40,40.0,12,1033
4120100,pl_vigil_rc10,payload,[U:1:188633911],enforcer,0,0,0.0,12,1033
4120100,pl_vigil_rc10,payload,[U:1:854284787],big_earner,3,1430,286.0,13,1033
4120100,pl_vigil_rc10,payload,[U:1:854284787],letranger,0,279,46.5,13,1033
4120100,pl_vigil_rc10,payload,[U:1:854284787],spy_cicle,4,1880,313.3333333333333,13,1033
4120021,pl_vigil_rc10,payload,[U:1:5261589],letranger,0,430,39.09090909090909,25,1571
4120021,pl_vigil_rc10,payload,[U:1:5261589],knife,24,10568,264.2,25,1571
4120021,pl_vigil_rc10,payload,[U:1:1271845415],letranger,5,996,34.3448275862069,21,1571
4120021,pl_vigil_rc10,payload,[U:1:1271845415],spy_cicle,10,4620,330.0,21,1571
4120021,pl_vigil_rc10,payload,[U:1:1271845415],enforcer,2,602,35.411764705882355,21,1571
4119901,pl_upward_f12,payload,[U:1:873477672],knife,14,5902,295.1,15,1202
4119901,pl_upward_f12,payload,[U:1:873477672],letranger,4,255,36.42857142857143,15,1202
4119901,pl_upward_f12,payload,[U:1:873477672],enforcer,0,0,0.0,15,1202
4119901,pl_upward_f12,payload,[U:1:1227562310],knife,17,7400,352.3809523809524,14,1202
4119901,pl_upward_f12,payload,[U:1:1227562310],letranger,1,188,37.6,14,1202
4119901,pl_upward_f12,payload,[U:1:1227562310],revolver,1,101,33.666666666666664,14,1202
4119877,pl_vigil_rc10,payload,[U:1:218084485],letranger,0,198,33.0,10,871
4119877,pl_vigil_rc10,payload,[U:1:218084485],spy_cicle,10,3814,293.38461538461536,10,871
4119877,pl_vigil_rc10,payload,[U:1:218084485],enforcer,0,0,0.0,10,871
4119877,pl_vigil_rc10,payload,[U:1:70364704],spy_cicle,5,2250,450.0,9,871
4119877,pl_vigil_rc10,payload,[U:1:70364704],letranger,0,125,25.0,9,871
4119877,pl_vigil_rc10,payload,[U:1:70364704],revolver,0,109,54.5,9,871
4119877,pl_vigil_rc10,payload,[U:1:70364704],enforcer,0,22,22.0,9,871
4119871,pl_upward_f12,payload,[U:1:1050276884],letranger,2,281,40.142857142857146,11,781
4119871,pl_upward_f12,payload,[U:1:1050276884],spy_cicle,3,1350,450.0,11,781
4119871,pl_upward_f12,payload,[U:1:1050276884],knife,1,490,245.0,11,781
4119871,pl_upward_f12,payload,[U:1:1050276884],big_earner,2,980,245.0,11,781
4119871,pl_upward_f12,payload,[U:1:121472947],samrevolver,1,377,37.7,9,781
4119871,pl_upward_f12,payload,[U:1:121472947],spy_cicle,6,2290,381.6666666666667,9,781
4119871,pl_upward_f12,payload,[U:1:121472947],letranger,0,480,34.285714285714285,9,781
4119867,pl_upward_f12,payload,[U:1:881278427],spy_cicle,10,4740,296.25,23,2051
4119867,pl_upward_f12,payload,[U:1:881278427],letranger,3,616,34.22222222222222,23,2051
4119867,pl_upward_f12,payload,[U:1:881278427],revolver,2,299,49.833333333333336,23,2051
4119867,pl_upward_f12,payload,[U:1:881278427],big_earner,7,3066,438.0,23,2051
4119867,pl_upward_f12,payload,[U:1:881278427],knife,1,490,245.0,23,2051
4119867,pl_upward_f12,payload,[U:1:1193638955],big_earner,35,16066,334.7083333333333,27,2051
4119867,pl_upward_f12,payload,[U:1:1193638955],revolver,1,128,42.666666666666664,27,2051
4119862,pl_upward_f12,payload,[U:1:873477672],letranger,2,270,38.57142857142857,20,1425
4119862,pl_upward_f12,payload,[U:1:873477672],knife,18,7822,325.9166666666667,20,1425
4119862,pl_upward_f12,payload,[U:1:873477672],enforcer,0,0,0.0,20,1425
4119862,pl_upward_f12,payload,[U:1:1227562310],knife,23,10420,297.7142857142857,17,1425
4119862,pl_upward_f12,payload,[U:1:1227562310],ambassador,0,96,32.0,17,1425
4119862,pl_upward_f12,payload,[U:1:1227562310],letranger,1,159,39.75,17,1425
4119860,pl_upward_f12,payload,[U:1:126140978],letranger,1,132,44.0,12,982
4119860,pl_upward_f12,payload,[U:1:126140978],spy_cicle,6,1608,178.66666666666666,12,982
4119860,pl_upward_f12,payload,[U:1:126140978],knife,1,450,450.0,12,982
4119860,pl_upward_f12,payload,[U:1:126140978],enforcer,0,0,0.0,12,982
4119860,pl_upward_f12,payload,[U:1:126140978],revolver,1,233,46.6,12,982
4119860,pl_upward_f12,payload,[U:1:158510613],revolver,2,547,49.72727272727273,12,982
4119860,pl_upward_f12,payload,[U:1:158510613],spy_cicle,1,570,142.5,12,982
4119860,pl_upward_f12,payload,[U:1:158510613],big_earner,1,450,450.0,12,982
4119860,pl_upward_f12,payload,[U:1:158510613],letranger,0,135,27.0,12,982
4119858,pl_upward_f12,payload,[U:1:881278427],revolver,1,139,46.333333333333336,13,887
4119858,pl_upward_f12,payload,[U:1:881278427],spy_cicle,3,1430,286.0,13,887
4119858,pl_upward_f12,payload,[U:1:881278427],big_earner,7,3066,438.0,13,887
4119858,pl_upward_f12,payload,[U:1:881278427],letranger,2,299,29.9,13,887
4119858,pl_upward_f12,payload,[U:1:881278427],knife,1,490,245.0,13,887
4119858,pl_upward_f12,payload,[U:1:1193638955],revolver,1,80,40.0,10,887
4119858,pl_upward_f12,payload,[U:1:1193638955],big_earner,19,8706,310.92857142857144,10,887
4119856,pl_upward_f12,payload,[U:1:220541341],revolver,2,880,31.428571428571427,8,840
4119856,pl_upward_f12,payload,[U:1:220541341],spy_cicle,5,1990,331.6666666666667,8,840
4119856,pl_upward_f12,payload,[U:1:220541341],knife,4,1840,368.0,8,840
4119856,pl_upward_f12,payload,[U:1:1610503962],knife,5,2530,210.83333333333334,17,841
4119856,pl_upward_f12,payload,[U:1:1610503962],letranger,0,0,0.0,17,841
4119856,pl_upward_f12,payload,[U:1:1610503962],revolver,0,0,0.0,17,841
4119853,pl_swiftwater_final1,payload,[U:1:1649554676],revolver,0,0,0.0,9,981
4119853,pl_swiftwater_final1,payload,[U:1:1649554676],ambassador,1,559,62.111111111111114,9,981
4119853,pl_swiftwater_final1,payload,[U:1:1649554676],spy_cicle,5,2218,246.44444444444446,9,981
4119853,pl_swiftwater_final1,payload,[U:1:1649554676],letranger,1,190,31.666666666666668,9,981
4119853,pl_swiftwater_final1,payload,[U:1:1649554676],enforcer,0,79,39.5,9,981
4119853,pl_swiftwater_final1,payload,[U:1:1649554676],knife,0,40,40.0,9,981
4119853,pl_swiftwater_final1,payload,[U:1:142815262],enforcer,3,756,47.25,15,981
4119853,pl_swiftwater_final1,payload,[U:1:142815262],knife,4,1706,243.71428571428572,15,981
4119853,pl_swiftwater_final1,payload,[U:1:142815262],spy_cicle,5,2250,450.0,15,981
4119853,pl_swiftwater_final1,payload,[U:1:142815262],revolver,4,716,39.77777777777778,15,981
4119848,plr_bananabay_rc4,payload,[U:1:144400924],kunai,1,450,450.0,8,439
4119848,plr_bananabay_rc4,payload,[U:1:144400924],spy_cicle,3,1430,286.0,8,439
4119848,plr_bananabay_rc4,payload,[U:1:144400924],enforcer,0,83,41.5,8,439
4119848,plr_bananabay_rc4,payload,[U:1:315914913],knife,1,450,450.0,9,568
4119848,plr_bananabay_rc4,payload,[U:1:315914913],ambassador,0,0,0.0,9,568
4119848,plr_bananabay_rc4,payload,[U:1:315914913],spy_cicle,1,450,450.0,9,568
4119848,plr_bananabay_rc4,payload,[U:1:315914913],revolver,1,224,44.8,9,568
4119848,plr_bananabay_rc4,payload,[U:1:166065122],ambassador,1,106,53.0,6,349
4119848,plr_bananabay_rc4,payload,[U:1:166065122],big_earner,2,1074,179.0,6,349
4119848,plr_bananabay_rc4,payload,[U:1:117604386],spy_cicle,4,858,214.5,5,228
4119848,plr_bananabay_rc4,payload,[U:1:117604386],revolver,1,258,43.0,5,228
4119848,plr_bananabay_rc4,payload,[U:1:1315551750],ambassador,1,442,34.0,11,644
4119837,pl_vigil_rc10,payload,[U:1:979292427],spy_cicle,10,4190,349.1666666666667,10,1148
4119837,pl_vigil_rc10,payload,[U:1:979292427],revolver,11,1914,44.51162790697674,10,1148
4119837,pl_vigil_rc10,payload,[U:1:212781441],revolver,0,1056,40.61538461538461,17,1140
4119837,pl_vigil_rc10,payload,[U:1:212781441],spy_cicle,6,2290,381.6666666666667,17,1140
4119837,pl_vigil_rc10,payload,[U:1:212781441],letranger,0,47,47.0,17,1140
4119837,pl_vigil_rc10,payload,[U:1:183308710],ambassador,1,442,73.66666666666667,1,69
4119837,pl_vigil_rc10,payload,[U:1:183308710],sharp_dresser,1,40,40.0,1,69
4119834,pl_upward_f12,payload,[U:1:881278427],spy_cicle,7,3310,300.90909090909093,10,1164
4119834,pl_upward_f12,payload,[U:1:881278427],letranger,1,317,39.625,10,1164
4119834,pl_upward_f12,payload,[U:1:881278427],revolver,1,160,53.333333333333336,10,1164
4119834,pl_upward_f12,payload,[U:1:1193638955],big_earner,16,7360,368.0,17,1164
4119834,pl_upward_f12,payload,[U:1:1193638955],revolver,0,48,48.0,17,1164
4119832,pl_upward_f12,payload,[U:1:873477672],knife,22,8368,298.85714285714283,9,1114
4119832,pl_upward_f12,payload,[U:1:873477672],letranger,2,392,39.2,9,1114
4119832,pl_upward_f12,payload,[U:1:1227562310],letranger,0,40,20.0,18,1114
4119832,pl_upward_f12,payload,[U:1:1227562310],knife,9,4330,270.625,18,1114
4119832,pl_upward_f12,payload,[U:1:1227562310],revolver,0,0,0.0,18,1114
4119830,plr_bananabay_rc4,payload,[U:1:144400924],kunai,0,40,40.0,1,29
4119830,plr_bananabay_rc4,payload,[U:1:294833886],big_earner,0,40,40.0,4,124
4119830,plr_bananabay_rc4,payload,[U:1:166065122],ambassador,2,387,64.5,10,488
4119830,plr_bananabay_rc4,payload,[U:1:166065122],big_earner,8,3530,271.53846153846155,10,488
4119830,plr_bananabay_rc4,payload,[U:1:1315551750],ambassador,0,90,18.0,3,115
4119828,pl_upward_f12,payload,[U:1:220541341],revolver,10,2176,38.175438596491226,23,1533
4119828,pl_upward_f12,payload,[U:1:220541341],spy_cicle,1,450,450.0,23,1533
4119828,pl_upward_f12,payload,[U:1:220541341],knife,7,3430,245.0,23,1533
4119828,pl_upward_f12,payload,[U:1:220541341],world,1,0,0.0,23,1533
4119828,pl_upward_f12,payload,[U:1:1610503962],knife,12,5156,368.2857142857143,26,1533
4119828,pl_upward_f12,payload,[U:1:1610503962],letranger,0,92,46.0,26,1533
4119828,pl_upward_f12,payload,[U:1:1610503962],enforcer,0,0,0.0,26,1533
4119826,pl_vigil_rc10,payload,[U:1:99763301],revolver,4,1048,45.56521739130435,13,887
4119826,pl_vigil_rc10,payload,[U:1:99763301],spy_cicle,4,1894,236.75,13,887
4119826,pl_vigil_rc10,payload,[U:1:104774812],revolver,1,315,45.0,15,887
4119826,pl_vigil_rc10,payload,[U:1:104774812],spy_cicle,4,1802,300.3333333333333,15,887
4119826,pl_vigil_rc10,payload,[U:1:104774812],enforcer,0,173,34.6,15,887
4119823,pl_vigil_rc10,payload,[U:1:1047190621],letranger,1,140,35.0,5,449
4119823,pl_vigil_rc10,payload,[U:1:1047190621],knife,3,1434,239.0,5,449
4119823,pl_vigil_rc10,payload,[U:1:346964782],knife,6,2860,286.0,11,831
4119823,pl_vigil_rc10,payload,[U:1:346964782],revolver,0,152,38.0,11,831
4119823,pl_vigil_rc10,payload,[U:1:346964782],enforcer,0,49,49.0,11,831
4119823,pl_vigil_rc10,payload,[U:1:1007792924],revolver,3,854,35.583333333333336,4,410
4119823,pl_vigil_rc10,payload,[U:1:1007792924],spy_cicle,3,1026,342.0,4,410
4119808,pl_vigil_rc10,payload,[U:1:121472947],letranger,1,213,35.5,18,915
4119808,pl_vigil_rc10,payload,[U:1:121472947],spy_cicle,5,2330,332.85714285714283,18,915
4119808,pl_vigil_rc10,payload,[U:1:121472947],enforcer,0,368,46.0,18,915
4119808,pl_vigil_rc10,payload,[U:1:158510613],spy_cicle,3,1100,157.14285714285714,14,915
4119808,pl_vigil_rc10,payload,[U:1:158510613],revolver,2,723,42.529411764705884,14,915
4119808,pl_vigil_rc10,payload,[U:1:158510613],big_earner,1,450,450.0,14,915
4119808,pl_vigil_rc10,payload,[U:1:158510613],letranger,0,45,45.0,14,915
4119808,pl_vigil_rc10,payload,[U:1:158510613],kunai,3,980,245.0,14,915
4119805,pl_vigil_rc10,payload,[U:1:1047190621],knife,10,4290,286.0,10,908
4119805,pl_vigil_rc10,payload,[U:1:1047190621],letranger,0,0,0.0,10,908
4119805,pl_vigil_rc10,payload,[U:1:1721506773],knife,0,40,40.0,12,908
4119805,pl_vigil_rc10,payload,[U:1:1721506773],revolver,0,254,50.8,12,908
4119805,pl_vigil_rc10,payload,[U:1:1721506773],big_earner,1,490,245.0,12,908
4119805,pl_vigil_rc10,payload,[U:1:1721506773],voodoo_pin,1,490,245.0,12,908
4119803,pl_vigil_rc10,payload,[U:1:126140978],letranger,2,268,44.666666666666664,9,790
4119803,pl_vigil_rc10,payload,[U:1:126140978],spy_cicle,2,1020,204.0,9,790
4119803,pl_vigil_rc10,payload,[U:1:126140978],enforcer,1,431,47.888888888888886,9,790
4119803,pl_vigil_rc10,payload,[U:1:126140978],revolver,0,114,57.0,9,790
4119803,pl_vigil_rc10,payload,[U:1:104774812],revolver,2,574,41.0,8,789
4119803,pl_vigil_rc10,payload,[U:1:104774812],spy_cicle,6,2330,332.85714285714283,8,789
4119800,pl_upward_f12,payload,[U:1:346964782],knife,4,1726,345.2,19,938
4119800,pl_upward_f12,payload,[U:1:346964782],letranger,1,215,30.714285714285715,19,938
4119800,pl_upward_f12,payload,[U:1:346964782],enforcer,0,55,27.5,19,938
4119800,pl_upward_f12,payload,[U:1:346964782],spy_cicle,1,490,245.0,19,938
4119800,pl_upward_f12,payload,[U:1:1649554676],letranger,0,0,0.0,10,938
4119800,pl_upward_f12,payload,[U:1:1649554676],knife,6,2518,359.7142857142857,10,938
4119800,pl_upward_f12,payload,[U:1:1649554676],revolver,0,585,48.75,10,938
4119800,pl_upward_f12,payload,[U:1:1649554676],enforcer,0,0,0.0,10,938
4119796,pl_upward_f12,payload,[U:1:787449345],kunai,4,2000,222.22222222222223,16,732
4119786,pl_upward_f12,payload,[U:1:218084485],letranger,0,67,33.5,11,1078
4119786,pl_upward_f12,payload,[U:1:218084485],spy_cicle,2,980,245.0,11,1078
4119786,pl_upward_f12,payload,[U:1:218084485],enforcer,0,79,26.333333333333332,11,1078
4119786,pl_upward_f12,payload,[U:1:979292427],revolver,3,615,43.92857142857143,11,1078
4119786,pl_upward_f12,payload,[U:1:979292427],spy_cicle,4,1920,274.2857142857143,11,1078
4119786,pl_upward_f12,payload,[U:1:979292427],letranger,0,30,30.0,11,1078
4119782,pl_upward_f12,payload,[U:1:220541341],revolver,6,2238,40.69090909090909,23,1450
4119782,pl_upward_f12,payload,[U:1:220541341],spy_cicle,5,2366,262.8888888888889,23,1450
4119782,pl_upward_f12,payload,[U:1:220541341],letranger,0,42,42.0,23,1450
4119782,pl_upward_f12,payload,[U:1:220541341],knife,4,2000,222.22222222222223,23,1450
4119782,pl_upward_f12,payload,[U:1:220541341],world,1,0,0.0,23,1450
4119782,pl_upward_f12,payload,[U:1:1227562310],letranger,0,116,29.0,21,1450
4119782,pl_upward_f12,payload,[U:1:1227562310],knife,7,3020,215.71428571428572,21,1450
4119782,pl_upward_f12,payload,[U:1:1227562310],enforcer,1,502,41.833333333333336,21,1450
4119782,pl_upward_f12,payload,[U:1:1227562310],revolver,0,130,43.333333333333336,21,1450
4119781,pl_upward_f12,payload,[U:1:1610503962],knife,17,7640,282.962962962963,32,1967
4119781,pl_upward_f12,payload,[U:1:1610503962],revolver,1,209,41.8,32,1967
4119781,pl_upward_f12,payload,[U:1:1610503962],enforcer,0,87,21.75,32,1967
4119781,pl_upward_f12,payload,[U:1:1610503962],letranger,1,76,38.0,32,1967
4119781,pl_upward_f12,payload,[U:1:1193638955],big_earner,19,8608,253.1764705882353,39,1967
4119781,pl_upward_f12,payload,[U:1:1193638955],revolver,1,236,47.2,39,1967
4119781,pl_upward_f12,payload,[U:1:1193638955],spy_cicle,4,1810,362.0,39,1967
4119777,pl_upward_f12,payload,[U:1:873477672],letranger,1,330,36.666666666666664,13,1126
4119777,pl_upward_f12,payload,[U:1:873477672],knife,22,8830,267.57575757575756,13,1126
4119777,pl_upward_f12,payload,[U:1:873477672],world,1,0,0.0,13,1126
4119777,pl_upward_f12,payload,[U:1:881278427],revolver,4,822,45.666666666666664,11,1126
4119777,pl_upward_f12,payload,[U:1:881278427],spy_cicle,18,7518,341.72727272727275,11,1126
4119777,pl_upward_f12,payload,[U:1:881278427],letranger,1,387,35.18181818181818,11,1126
4119769,pl_vigil_rc10,payload,[U:1:1201453231],knife,6,2530,230.0,12,780
4119769,pl_vigil_rc10,payload,[U:1:1201453231],letranger,3,155,38.75,12,780
4119769,pl_vigil_rc10,payload,[U:1:1201453231],revolver,0,55,55.0,12,780
4119769,pl_vigil_rc10,payload,[U:1:1201453231],world,1,0,0.0,12,780
4119769,pl_vigil_rc10,payload,[U:1:49047009],enforcer,2,477,43.36363636363637,7,780
4119769,pl_vigil_rc10,payload,[U:1:49047009],black_rose,8,3582,325.6363636363636,7,780
4119769,pl_vigil_rc10,payload,[U:1:49047009],revolver,0,116,29.0,7,780
4119662,pl_barnblitz,payload,[U:1:1007360638],kunai,6,2594,235.8181818181818,16,622
4119662,pl_barnblitz,payload,[U:1:318617052],ambassador,1,160,53.333333333333336,2,170
4119662,pl_barnblitz,payload,[U:1:318617052],kunai,4,1880,313.3333333333333,2,170
4119662,pl_barnblitz,payload,[U:1:1123749189],letranger,1,171,42.75,7,1048
4119662,pl_barnblitz,payload,[U:1:1123749189],knife,5,2330,332.85714285714283,7,1048
4119662,pl_barnblitz,payload,[U:1:1123749189],eternal_reward,9,4210,323.84615384615387,7,1048
4119628,pl_swiftwater_final1,payload,[U:1:1007360638],letranger,0,87,43.5,27,1129
4119628,pl_swiftwater_final1,payload,[U:1:1007360638],kunai,17,7708,321.1666666666667,27,1129
4119628,pl_swiftwater_final1,payload,[U:1:835564467],kunai,1,490,245.0,3,228
4119628,pl_swiftwater_final1,payload,[U:1:835564467],letranger,0,0,0.0,3,228
4119628,pl_swiftwater_final1,payload,[U:1:1123749189],knife,1,450,450.0,2,194
4119621,pl_vigil_rc10,payload,[U:1:859697418],letranger,0,47,47.0,16,1022
4119621,pl_vigil_rc10,payload,[U:1:859697418],spy_cicle,11,4768,264.8888888888889,16,1022
4119621,pl_vigil_rc10,payload,[U:1:859697418],revolver,1,877,46.1578947368421,16,1022
4119621,pl_vigil_rc10,payload,[U:1:992302338],spy_cicle,9,4030,310.0,11,1022
4119621,pl_vigil_rc10,payload,[U:1:992302338],revolver,2,236,39.333333333333336,11,1022
4119621,pl_vigil_rc10,payload,[U:1:992302338],letranger,0,227,37.833333333333336,11,1022
4119621,pl_vigil_rc10,payload,[U:1:992302338],enforcer,0,0,0.0,11,1022
4119621,pl_vigil_rc10,payload,[U:1:992302338],knife,2,900,450.0,11,1022
4119619,pl_swiftwater_final1,payload,[U:1:216095022],revolver,5,1020,39.23076923076923,16,1188
4119619,pl_swiftwater_final1,payload,[U:1:216095022],spy_cicle,7,3310,300.90909090909093,16,1188
4119619,pl_swiftwater_final1,payload,[U:1:216095022],world,1,0,0.0,16,1188
4119619,pl_swiftwater_final1,payload,[U:1:216095022],letranger,0,0,0.0,16,1188
4119619,pl_swiftwater_final1,payload,[U:1:216095022],enforcer,0,340,42.5,16,1188
4119619,pl_swiftwater_final1,payload,[U:1:92275983],letranger,7,643,32.15,19,1188
4119619,pl_swiftwater_final1,payload,[U:1:92275983],spy_cicle,8,3640,404.44444444444446,19,1188
4119616,pl_swiftwater_final1,payload,[U:1:1365412974],samrevolver,4,697,46.46666666666667,14,1246
4119616,pl_swiftwater_final1,payload,[U:1:1365412974],knife,7,3270,327.0,14,1246
4119616,pl_swiftwater_final1,payload,[U:1:1365412974],letranger,0,61,30.5,14,1246
4119616,pl_swiftwater_final1,payload,[U:1:1365412974],enforcer,1,364,40.44444444444444,14,1246
4119616,pl_swiftwater_final1,payload,[U:1:1365412974],spy_cicle,2,900,450.0,14,1246
4119616,pl_swiftwater_final1,payload,[U:1:370562568],enforcer,0,65,32.5,16,1246
4119616,pl_swiftwater_final1,payload,[U:1:370562568],spy_cicle,7,3430,263.84615384615387,16,1246
4119616,pl_swiftwater_final1,payload,[U:1:370562568],letranger,1,461,35.46153846153846,16,1246
4119616,pl_swiftwater_final1,payload,[U:1:370562568],knife,0,40,40.0,16,1246
4119616,pl_swiftwater_final1,payload,[U:1:370562568],big_earner,2,940,313.3333333333333,16,1246
4119606,pl_swiftwater_final1,payload,[U:1:135385146],knife,14,6266,284.8181818181818,14,1199
4119606,pl_swiftwater_final1,payload,[U:1:135385146],letranger,6,477,36.69230769230769,14,1199
4119606,pl_swiftwater_final1,payload,[U:1:135385146],world,1,0,0.0,14,1199
4119606,pl_swiftwater_final1,payload,[U:1:1221146873],knife,5,2040,204.0,8,1199
4119606,pl_swiftwater_final1,payload,[U:1:1221146873],letranger,2,302,30.2,8,1199
4119606,pl_swiftwater_final1,payload,[U:1:1221146873],enforcer,2,321,32.1,8,1199
4119606,pl_swiftwater_final1,payload,[U:1:1221146873],spy_cicle,0,40,40.0,8,1199
4119604,pl_swiftwater_final1,payload,[U:1:216095022],revolver,0,702,36.94736842105263,21,1445
4119604,pl_swiftwater_final1,payload,[U:1:216095022],letranger,1,538,26.9,21,1445
4119604,pl_swiftwater_final1,payload,[U:1:216095022],spy_cicle,7,3270,327.0,21,1445
4119604,pl_swiftwater_final1,payload,[U:1:216095022],enforcer,1,368,30.666666666666668,21,1445
4119604,pl_swiftwater_final1,payload,[U:1:92275983],letranger,3,655,32.75,19,1445
4119604,pl_swiftwater_final1,payload,[U:1:92275983],spy_cicle,25,11380,392.41379310344826,19,1445
4119600,pl_badwater,payload,[U:1:1013987164],ambassador,1,139,46.333333333333336,10,454
4119600,pl_badwater,payload,[U:1:1013987164],kunai,0,160,40.0,10,454
4119600,pl_badwater,payload,[U:1:884809174],diamondback,1,411,51.375,2,247
4119600,pl_badwater,payload,[U:1:884809174],knife,4,1444,288.8,2,247
4119600,pl_badwater,payload,[U:1:1007360638],kunai,0,120,40.0,2,71
4119600,pl_badwater,payload,[U:1:835564467],letranger,0,45,45.0,1,58
4119600,pl_badwater,payload,[U:1:1123749189],sharp_dresser,0,40,40.0,1,111
4119594,pl_swiftwater_final1,payload,[U:1:1365412974],letranger,0,20,20.0,20,1384
4119594,pl_swiftwater_final1,payload,[U:1:1365412974],spy_cicle,7,3270,327.0,20,1384
4119594,pl_swiftwater_final1,payload,[U:1:1365412974],enforcer,1,995,52.36842105263158,20,1384
4119594,pl_swiftwater_final1,payload,[U:1:1365412974],knife,4,1832,229.0,20,1384
4119594,pl_swiftwater_final1,payload,[U:1:1365412974],samrevolver,0,52,52.0,20,1384
4119594,pl_swiftwater_final1,payload,[U:1:319340349],revolver,6,838,34.916666666666664,17,1406
4119594,pl_swiftwater_final1,payload,[U:1:319340349],spy_cicle,6,2438,304.75,17,1406
4119594,pl_swiftwater_final1,payload,[U:1:319340349],knife,7,3190,398.75,17,1406
4119594,pl_swiftwater_final1,payload,[U:1:319340349],letranger,1,190,27.142857142857142,17,1406
4119594,pl_swiftwater_final1,payload,[U:1:319340349],ambassador,0,21,21.0,17,1406
4119594,pl_swiftwater_final1,payload,[U:1:319340349],kunai,1,450,450.0,17,1406
4119589,pl_swiftwater_final1,payload,[U:1:135385146],revolver,1,468,46.8,12,878
4119589,pl_swiftwater_final1,payload,[U:1:135385146],knife,10,3614,258.14285714285717,12,878
4119589,pl_swiftwater_final1,payload,[U:1:1221146873],enforcer,1,184,36.8,7,878
4119589,pl_swiftwater_final1,payload,[U:1:1221146873],knife,6,1960,245.0,7,878
4119589,pl_swiftwater_final1,payload,[U:1:1221146873],letranger,2,367,30.583333333333332,7,878
4119589,pl_swiftwater_final1,payload,[U:1:1221146873],spy_cicle,1,112,56.0,7,878
4119579,pl_swiftwater_final1,payload,[U:1:859697418],letranger,1,586,41.857142857142854,25,1521
4119579,pl_swiftwater_final1,payload,[U:1:859697418],spy_cicle,18,7634,318.0833333333333,25,1521
4119579,pl_swiftwater_final1,payload,[U:1:859697418],knife,0,40,40.0,25,1521
4119579,pl_swiftwater_final1,payload,[U:1:992302338],spy_cicle,10,4506,346.61538461538464,12,1521
4119579,pl_swiftwater_final1,payload,[U:1:992302338],revolver,0,258,43.0,12,1521
4119579,pl_swiftwater_final1,payload,[U:1:992302338],world,1,0,0.0,12,1521
4119579,pl_swiftwater_final1,payload,[U:1:992302338],enforcer,1,266,44.333333333333336,12,1521
4119579,pl_swiftwater_final1,payload,[U:1:992302338],knife,2,844,281.3333333333333,12,1521
4119570,pl_vigil_rc10,payload,[U:1:1060616345],revolver,0,329,41.125,19,1091
4119570,pl_vigil_rc10,payload,[U:1:1060616345],knife,8,3590,199.44444444444446,19,1091
4119570,pl_vigil_rc10,payload,[U:1:1060616345],enforcer,0,685,45.666666666666664,19,1091
4119570,pl_vigil_rc10,payload,[U:1:251362192],letranger,1,130,43.333333333333336,16,1091
4119570,pl_vigil_rc10,payload,[U:1:251362192],spy_cicle,4,1800,450.0,16,1091
4119570,pl_vigil_rc10,payload,[U:1:251362192],samrevolver,1,743,39.10526315789474,16,1091
4119570,pl_vigil_rc10,payload,[U:1:251362192],big_earner,4,1880,313.3333333333333,16,1091
4119570,pl_vigil_rc10,payload,[U:1:251362192],knife,6,2470,352.85714285714283,16,1091
4119569,pl_swiftwater_final1,payload,[U:1:1365412974],big_earner,9,4210,323.84615384615387,14,729
4119569,pl_swiftwater_final1,payload,[U:1:1365412974],samrevolver,0,197,49.25,14,729
4119569,pl_swiftwater_final1,payload,[U:1:1365412974],knife,1,530,176.66666666666666,14,729
4119569,pl_swiftwater_final1,payload,[U:1:84558776],letranger,1,221,31.571428571428573,11,976
4119569,pl_swiftwater_final1,payload,[U:1:84558776],spy_cicle,9,4220,301.42857142857144,11,976
4119569,pl_swiftwater_final1,payload,[U:1:84558776],revolver,2,618,36.35294117647059,11,976
4119558,pl_swiftwater_final1,payload,[U:1:1164445830],letranger,0,181,30.166666666666668,14,1036
4119558,pl_swiftwater_final1,payload,[U:1:1164445830],knife,9,4080,226.66666666666666,14,1036
4119558,pl_swiftwater_final1,payload,[U:1:1164445830],enforcer,1,56,56.0,14,1036
4119558,pl_swiftwater_final1,payload,[U:1:1178677122],enforcer,0,21,21.0,14,1036
4119558,pl_swiftwater_final1,payload,[U:1:1178677122],knife,7,2804,200.28571428571428,14,1036
4119558,pl_swiftwater_final1,payload,[U:1:1178677122],letranger,0,0,0.0,14,1036
4119558,pl_swiftwater_final1,payload,[U:1:1178677122],revolver,1,119,39.666666666666664,14,1036
4119558,pl_swiftwater_final1,payload,[U:1:1178677122],big_earner,1,450,450.0,14,1036
4119551,pl_swiftwater_final1,payload,[U:1:1060616345],knife,5,2410,267.77777777777777,10,688
4119551,pl_swiftwater_final1,payload,[U:1:1060616345],revolver,1,279,46.5,10,688
4119551,pl_swiftwater_final1,payload,[U:1:1060616345],enforcer,3,556,46.333333333333336,10,688
4119551,pl_swiftwater_final1,payload,[U:1:251362192],letranger,1,313,28.454545454545453,6,688
4119551,pl_swiftwater_final1,payload,[U:1:251362192],knife,5,2330,332.85714285714283,6,688
4119551,pl_swiftwater_final1,payload,[U:1:251362192],samrevolver,0,235,39.166666666666664,6,688
4119551,pl_swiftwater_final1,payload,[U:1:251362192],spy_cicle,0,80,40.0,6,688
4119547,pl_swiftwater_final1,payload,[U:1:1365412974],letranger,0,193,48.25,19,1275
4119547,pl_swiftwater_final1,payload,[U:1:1365412974],enforcer,3,401,50.125,19,1275
4119547,pl_swiftwater_final1,payload,[U:1:1365412974],spy_cicle,5,2330,332.85714285714283,19,1275
4119547,pl_swiftwater_final1,payload,[U:1:1365412974],samrevolver,3,513,46.63636363636363,19,1275
4119547,pl_swiftwater_final1,payload,[U:1:1365412974],knife,5,2330,332.85714285714283,19,1275
4119547,pl_swiftwater_final1,payload,[U:1:1365412974],big_earner,0,40,40.0,19,1275
4119547,pl_swiftwater_final1,payload,[U:1:84558776],revolver,7,1558,38.0,9,1277
4119547,pl_swiftwater_final1,payload,[U:1:84558776],spy_cicle,13,5652,332.47058823529414,9,1277
4119547,pl_swiftwater_final1,payload,[U:1:84558776],letranger,2,289,28.9,9,1277
4119540,pl_swiftwater_final1,payload,[U:1:1164445830],enforcer,1,270,38.57142857142857,16,1461
4119540,pl_swiftwater_final1,payload,[U:1:1164445830],knife,14,6570,211.93548387096774,16,1461
4119540,pl_swiftwater_final1,payload,[U:1:1164445830],letranger,1,289,41.285714285714285,16,1461
4119540,pl_swiftwater_final1,payload,[U:1:1178677122],knife,3,1590,176.66666666666666,25,1461
4119540,pl_swiftwater_final1,payload,[U:1:1178677122],revolver,2,385,32.083333333333336,25,1461
4119540,pl_swiftwater_final1,payload,[U:1:1178677122],big_earner,4,1470,245.0,25,1461
4119540,pl_swiftwater_final1,payload,[U:1:1178677122],enforcer,1,221,55.25,25,1461
4119537,pl_swiftwater_final1,payload,[U:1:1060616345],knife,6,2004,250.5,11,881
4119537,pl_swiftwater_final1,payload,[U:1:1060616345],revolver,3,534,48.54545454545455,11,881
4119537,pl_swiftwater_final1,payload,[U:1:1060616345],enforcer,1,231,46.2,11,881
4119537,pl_swiftwater_final1,payload,[U:1:251362192],spy_cicle,4,1840,368.0,10,881
4119537,pl_swiftwater_final1,payload,[U:1:251362192],samrevolver,3,411,34.25,10,881
4119537,pl_swiftwater_final1,payload,[U:1:251362192],letranger,1,240,34.285714285714285,10,881
4119537,pl_swiftwater_final1,payload,[U:1:251362192],knife,1,530,176.66666666666666,10,881
4119426,pl_upward,payload,[U:1:919654615],sharp_dresser,4,1920,274.2857142857143,14,722
4119426,pl_upward,payload,[U:1:919654615],revolver,1,223,44.6,14,722
4119426,pl_upward,payload,[U:1:919654615],letranger,0,0,0.0,14,722
4119426,pl_upward,payload,[U:1:1024073415],letranger,1,170,42.5,6,723
4119426,pl_upward,payload,[U:1:1024073415],big_earner,11,4906,327.06666666666666,6,723
4119406,pl_upward_f12,payload,[U:1:188633911],letranger,4,390,30.0,18,1251
4119406,pl_upward_f12,payload,[U:1:188633911],spy_cicle,1,530,176.66666666666666,18,1251
4119406,pl_upward_f12,payload,[U:1:188633911],big_earner,10,4450,247.22222222222223,18,1251
4119406,pl_upward_f12,payload,[U:1:188633911],revolver,0,134,26.8,18,1251
4119406,pl_upward_f12,payload,[U:1:188633911],knife,0,80,40.0,18,1251
4119406,pl_upward_f12,payload,[U:1:188633911],world,1,0,0.0,18,1251
4119406,pl_upward_f12,payload,[U:1:1424534102],letranger,0,41,41.0,21,1250
4119406,pl_upward_f12,payload,[U:1:1424534102],kunai,7,3310,300.90909090909093,21,1250
4119406,pl_upward_f12,payload,[U:1:1424534102],knife,5,2330,291.25,21,1250
4119406,pl_upward_f12,payload,[U:1:1424534102],enforcer,1,368,46.0,21,1250
4119406,pl_upward_f12,payload,[U:1:1424534102],revolver,0,0,0.0,21,1250
4119406,pl_upward_f12,payload,[U:1:1424534102],big_earner,3,1390,347.5,21,1250
4119394,pl_upward_f12,payload,[U:1:188633911],letranger,0,303,27.545454545454547,16,1135
4119394,pl_upward_f12,payload,[U:1:188633911],big_earner,5,2370,296.25,16,1135
4119394,pl_upward_f12,payload,[U:1:188633911],enforcer,5,794,49.625,16,1135
4119394,pl_upward_f12,payload,[U:1:188633911],spy_cicle,6,2954,211.0,16,1135
4119394,pl_upward_f12,payload,[U:1:188633911],world,2,0,0.0,16,1135
4119394,pl_upward_f12,payload,[U:1:1424534102],enforcer,0,0,0.0,20,1135
4119394,pl_upward_f12,payload,[U:1:1424534102],knife,7,3190,398.75,20,1135
4119394,pl_upward_f12,payload,[U:1:1424534102],letranger,2,264,44.0,20,1135
4119394,pl_upward_f12,payload,[U:1:1424534102],kunai,12,5752,273.9047619047619,20,1135
4119358,plr_hightower,payload,[U:1:93610232],revolver,10,2439,38.714285714285715,9,619
4119358,plr_hightower,payload,[U:1:93610232],spy_cicle,5,1704,213.0,9,619
4119358,plr_hightower,payload,[U:1:93610232],world,1,0,0.0,9,619
4119358,plr_hightower,payload,[U:1:82906216],big_earner,10,4860,270.0,11,619
4119358,plr_hightower,payload,[U:1:82906216],letranger,1,482,40.166666666666664,11,619
4119354,plr_hightower_event,payload,[U:1:93610232],knife,5,2290,381.6666666666667,3,282
4119354,plr_hightower_event,payload,[U:1:93610232],letranger,1,206,41.2,3,282
4119354,plr_hightower_event,payload,[U:1:82906216],diamondback,3,741,43.588235294117645,4,282
4119354,plr_hightower_event,payload,[U:1:82906216],spy_cicle,1,78,78.0,4,282
4119354,plr_hightower_event,payload,[U:1:82906216],unknown,0,134,7.882352941176471,4,282
4119348,plr_hightower,payload,[U:1:91515760],revolver,1,179,29.833333333333332,3,251
4119348,plr_hightower,payload,[U:1:91515760],diamondback,0,350,43.75,3,251
4119348,plr_hightower,payload,[U:1:91515760],spy_cicle,2,980,245.0,3,251
4119348,plr_hightower,payload,[U:1:82906216],spy_cicle,2,900,450.0,4,251
4119348,plr_hightower,payload,[U:1:82906216],diamondback,4,750,39.473684210526315,4,251
4119346,plr_hightower,payload,[U:1:93610232],knife,11,4306,307.57142857142856,2,267
4119346,plr_hightower,payload,[U:1:93610232],letranger,0,80,40.0,2,267
4119346,plr_hightower,payload,[U:1:460306995],kunai,5,2290,381.6666666666667,4,267
4119346,plr_hightower,payload,[U:1:460306995],letranger,0,89,44.5,4,267
4119342,plr_hightower,payload,[U:1:93610232],knife,2,940,313.3333333333333,2,139
4119342,plr_hightower,payload,[U:1:93610232],letranger,1,253,31.625,2,139
4119342,plr_hightower,payload,[U:1:1053602743],kunai,0,40,40.0,5,139
4119340,plr_hightower,payload,[U:1:24006],knife,1,570,114.0,5,274
4119340,plr_hightower,payload,[U:1:24006],revolver,0,42,21.0,5,274
4119340,plr_hightower,payload,[U:1:24006],world,2,0,0.0,5,274
4119340,plr_hightower,payload,[U:1:91515760],spy_cicle,4,1768,353.6,3,274
4119340,plr_hightower,payload,[U:1:91515760],diamondback,0,0,0.0,3,274
4119340,plr_hightower,payload,[U:1:91515760],enforcer,3,270,45.0,3,274
4119338,plr_hightower,payload,[U:1:82906216],diamondback,4,1367,45.56666666666667,6,371
4119338,plr_hightower,payload,[U:1:82906216],spy_cicle,5,2450,245.0,6,371
4119338,plr_hightower,payload,[U:1:346771441],revolver,1,602,40.13333333333333,6,371
4119338,plr_hightower,payload,[U:1:346771441],spy_cicle,2,980,245.0,6,371
4119337,plr_hightower,payload,[U:1:414309690],spy_cicle,2,900,450.0,6,221
4119337,plr_hightower,payload,[U:1:414309690],ambassador,1,356,44.5,6,221
4119337,plr_hightower,payload,[U:1:460306995],kunai,11,5110,340.6666666666667,3,221
4119337,plr_hightower,payload,[U:1:460306995],letranger,0,20,20.0,3,221
4119313,plr_hightower_event,payload,[U:1:1601292340],knife,2,980,245.0,4,231
4119313,plr_hightower_event,payload,[U:1:1601292340],letranger,0,101,33.666666666666664,4,231
4119313,plr_hightower_event,payload,[U:1:90932741],spy_cicle,0,80,40.0,1,231
4119313,plr_hightower_event,payload,[U:1:90932741],letranger,1,428,38.90909090909091,1,231
4119313,plr_hightower_event,payload,[U:1:90932741],spellbook_meteor,1,0,0.0,1,231
4119313,plr_hightower_event,payload,[U:1:90932741],unknown,0,162,12.461538461538462,1,231
4119313,plr_hightower_event,payload,[U:1:90932741],spellbook_bats,1,0,0.0,1,231
4119312,plr_hightower_event,payload,[U:1:913327875],spy_cicle,9,4300,268.75,12,855
4119312,plr_hightower_event,payload,[U:1:913327875],letranger,3,482,37.07692307692308,12,855
4119312,plr_hightower_event,payload,[U:1:913327875],diamondback,0,435,43.5,12,855
4119312,plr_hightower_event,payload,[U:1:913327875],world,1,0,0.0,12,855
4119312,plr_hightower_event,payload,[U:1:82906216],diamondback,10,2087,39.37735849056604,16,855
4119312,plr_hightower_event,payload,[U:1:82906216],spy_cicle,4,1114,139.25,16,855
4119312,plr_hightower_event,payload,[U:1:82906216],world,1,0,0.0,16,855
4119312,plr_hightower_event,payload,[U:1:82906216],unknown,0,917,28.65625,16,855
4119312,plr_hightower_event,payload,[U:1:82906216],spellbook_fireball,1,0,0.0,16,855
4119312,plr_hightower_event,payload,[U:1:82906216],spellbook_lightning,1,0,0.0,16,855
4119311,plr_hightower_event,payload,[U:1:74938817],diamondback,1,151,75.5,3,265
4119311,plr_hightower_event,payload,[U:1:74938817],big_earner,7,2820,313.3333333333333,3,265
4119311,plr_hightower_event,payload,[U:1:854284787],kunai,3,1390,347.5,4,265
4119311,plr_hightower_event,payload,[U:1:854284787],diamondback,2,476,52.888888888888886,4,265
4119310,plr_hightower_event,payload,[U:1:158612354],kunai,19,8898,296.6,13,843
4119310,plr_hightower_event,payload,[U:1:158612354],spellbook_athletic,3,0,0.0,13,843
4119310,plr_hightower_event,payload,[U:1:158612354],ambassador,3,299,42.714285714285715,13,843
4119310,plr_hightower_event,payload,[U:1:158612354],unknown,0,169,9.941176470588236,13,843
4119310,plr_hightower_event,payload,[U:1:1050052063],knife,11,4743,296.4375,16,843
4119310,plr_hightower_event,payload,[U:1:1050052063],letranger,0,84,42.0,16,843
4119310,plr_hightower_event,payload,[U:1:1050052063],world,1,0,0.0,16,843
4119309,plr_hightower_event,payload,[U:1:855820800],knife,4,1520,253.33333333333334,4,310
4119309,plr_hightower_event,payload,[U:1:855820800],revolver,3,523,47.54545454545455,4,310
4119309,plr_hightower_event,payload,[U:1:855820800],unknown,0,572,35.75,4,310
4119309,plr_hightower_event,payload,[U:1:855820800],spellbook_fireball,1,0,0.0,4,310
4119309,plr_hightower_event,payload,[U:1:855820800],spellbook_athletic,1,0,0.0,4,310
4119309,plr_hightower_event,payload,[U:1:802411500],kunai,4,1346,224.33333333333334,4,310
4119309,plr_hightower_event,payload,[U:1:802411500],ambassador,2,268,53.6,4,310
4119309,plr_hightower_event,payload,[U:1:802411500],unknown,0,67,8.375,4,310
4119307,plr_hightower_event,payload,[U:1:224632743],kunai,4,1790,298.3333333333333,6,351
4119307,plr_hightower_event,payload,[U:1:224632743],ambassador,0,153,38.25,6,351
4119307,plr_hightower_event,payload,[U:1:195643820],diamondback,1,233,25.88888888888889,10,671
4119307,plr_hightower_event,payload,[U:1:195643820],knife,2,1060,176.66666666666666,10,671
4119307,plr_hightower_event,payload,[U:1:195643820],world,1,0,0.0,10,671
4119307,plr_hightower_event,payload,[U:1:195643820],unknown,0,209,8.708333333333334,10,671
4119307,plr_hightower_event,payload,[U:1:1271845415],ambassador,0,118,39.333333333333336,6,319
4119307,plr_hightower_event,payload,[U:1:1271845415],revolver,1,104,34.666666666666664,6,319
4119306,plr_hightower_event,payload,[U:1:168083213],revolver,2,340,48.57142857142857,5,252
4119306,plr_hightower_event,payload,[U:1:168083213],unknown,0,229,45.8,5,252
4119306,plr_hightower_event,payload,[U:1:132997525],black_rose,5,1878,268.2857142857143,4,252
4119306,plr_hightower_event,payload,[U:1:132997525],diamondback,1,271,45.166666666666664,4,252
4119306,plr_hightower_event,payload,[U:1:132997525],unknown,0,200,100.0,4,252
4119306,plr_hightower_event,payload,[U:1:132997525],spellbook_fireball,1,0,0.0,4,252
4119305,plr_hightower_event,payload,[U:1:212048678],knife,2,1308,100.61538461538461,14,583
4119305,plr_hightower_event,payload,[U:1:212048678],ambassador,0,143,71.5,14,583
4119305,plr_hightower_event,payload,[U:1:212048678],revolver,1,858,40.857142857142854,14,583
4119305,plr_hightower_event,payload,[U:1:212048678],unknown,0,258,21.5,14,583
4119305,plr_hightower_event,payload,[U:1:212048678],world,1,0,0.0,14,583
4119305,plr_hightower_event,payload,[U:1:460306995],kunai,17,7690,334.3478260869565,9,583
4119305,plr_hightower_event,payload,[U:1:460306995],letranger,1,409,34.083333333333336,9,583
4119305,plr_hightower_event,payload,[U:1:460306995],unknown,0,413,59.0,9,583
4119305,plr_hightower_event,payload,[U:1:460306995],spellbook_fireball,1,0,0.0,9,583
4119304,plr_hightower_event,payload,[U:1:91760967],big_earner,6,2940,245.0,9,310
4119304,plr_hightower_event,payload,[U:1:91760967],revolver,0,191,38.2,9,310
4119304,plr_hightower_event,payload,[U:1:91760967],unknown,0,40,40.0,9,310
4119304,plr_hightower_event,payload,[U:1:91760967],spellbook_bats,1,0,0.0,9,310
4119304,plr_hightower_event,payload,[U:1:87750936],ambassador,1,888,31.714285714285715,2,310
4119304,plr_hightower_event,payload,[U:1:87750936],unknown,0,103,51.5,2,310
4119304,plr_hightower_event,payload,[U:1:87750936],world,1,0,0.0,2,310
4119304,plr_hightower_event,payload,[U:1:87750936],spellbook_lightning,1,0,0.0,2,310
4119304,plr_hightower_event,payload,[U:1:87750936],spy_cicle,2,518,172.66666666666666,2,310
4119302,plr_hightower_event,payload,[U:1:84235938],samrevolver,0,0,0.0,11,602
4119302,plr_hightower_event,payload,[U:1:84235938],diamondback,1,473,47.3,11,602
4119302,plr_hightower_event,payload,[U:1:84235938],black_rose,2,980,245.0,11,602
4119302,plr_hightower_event,payload,[U:1:84235938],kunai,3,1156,165.14285714285714,11,602
4119302,plr_hightower_event,payload,[U:1:84235938],unknown,0,280,20.0,11,602
4119302,plr_hightower_event,payload,[U:1:84235938],spellbook_lightning,1,0,0.0,11,602
4119302,plr_hightower_event,payload,[U:1:84235938],world,3,0,0.0,11,602
4119302,plr_hightower_event,payload,[U:1:84235938],big_earner,1,450,450.0,11,602
4119302,plr_hightower_event,payload,[U:1:414309690],ambassador,6,1979,56.542857142857144,9,602
4119302,plr_hightower_event,payload,[U:1:414309690],spy_cicle,3,1430,286.0,9,602
4119301,plr_hightower_event,payload,[U:1:1207143291],big_earner,1,318,79.5,5,203
4119301,plr_hightower_event,payload,[U:1:1207143291],ambassador,0,92,46.0,5,203
4119301,plr_hightower_event,payload,[U:1:402412345],kunai,9,4054,405.4,2,203
4119301,plr_hightower_event,payload,[U:1:402412345],letranger,0,17,17.0,2,203
4119300,plr_hightower_event,payload,[U:1:1315551750],ambassador,1,171,28.5,5,217
4119300,plr_hightower_event,payload,[U:1:1315551750],spy_cicle,1,450,450.0,5,217
4119300,plr_hightower_event,payload,[U:1:346771441],ambassador,1,220,73.33333333333333,2,228
4119300,plr_hightower_event,payload,[U:1:346771441],spy_cicle,4,1310,327.5,2,228
4119300,plr_hightower_event,payload,[U:1:346771441],revolver,2,384,42.666666666666664,2,228
4119299,plr_hightower_event,payload,[U:1:296600241],revolver,2,305,30.5,6,287
4119299,plr_hightower_event,payload,[U:1:296600241],unknown,0,302,60.4,6,287
4119299,plr_hightower_event,payload,[U:1:296600241],knife,1,490,245.0,6,287
4119299,plr_hightower_event,payload,[U:1:1053602743],kunai,2,1060,176.66666666666666,8,287
4119299,plr_hightower_event,payload,[U:1:1053602743],unknown,0,350,20.58823529411765,8,287
4119299,plr_hightower_event,payload,[U:1:1053602743],world,1,0,0.0,8,287
4119296,plr_hightower_event,payload,[U:1:837702533],revolver,0,61,30.5,2,287
4119296,plr_hightower_event,payload,[U:1:837702533],spy_cicle,3,1550,193.75,2,287
4119296,plr_hightower_event,payload,[U:1:837702533],world,1,0,0.0,2,287
4119296,plr_hightower_event,payload,[U:1:837702533],letranger,0,0,0.0,2,287
4119296,plr_hightower_event,payload,[U:1:916121977],sharp_dresser,2,940,313.3333333333333,5,287
4119296,plr_hightower_event,payload,[U:1:916121977],letranger,0,0,0.0,5,287
4119295,plr_hightower_event,payload,[U:1:91515760],spy_cicle,3,1550,193.75,3,335
4119295,plr_hightower_event,payload,[U:1:91515760],diamondback,3,226,32.285714285714285,3,335
4119295,plr_hightower_event,payload,[U:1:91515760],knife,1,390,390.0,3,335
4119295,plr_hightower_event,payload,[U:1:91515760],letranger,0,0,0.0,3,335
4119295,plr_hightower_event,payload,[U:1:1271522722],spy_cicle,4,1792,358.4,6,335
4119295,plr_hightower_event,payload,[U:1:1271522722],unknown,0,316,63.2,6,335
4119295,plr_hightower_event,payload,[U:1:1271522722],revolver,0,156,31.2,6,335
4119294,plr_hightower,payload,[U:1:120953395],ambassador,4,734,61.166666666666664,4,367
4119294,plr_hightower,payload,[U:1:120953395],knife,4,1920,274.2857142857143,4,367
4119294,plr_hightower,payload,[U:1:402412345],kunai,6,2490,226.36363636363637,8,368
4119294,plr_hightower,payload,[U:1:402412345],letranger,0,49,16.333333333333332,8,368
4119293,plr_hightower,payload,[U:1:296600241],revolver,2,294,42.0,1,191
4119293,plr_hightower,payload,[U:1:296600241],knife,2,900,450.0,1,191
4119293,plr_hightower,payload,[U:1:854284787],kunai,3,792,158.4,5,191
4119293,plr_hightower,payload,[U:1:854284787],diamondback,0,48,48.0,5,191
4119292,plr_hightower_event,payload,[U:1:1050052063],knife,4,2014,223.77777777777777,7,381
4119292,plr_hightower_event,payload,[U:1:1050052063],letranger,2,79,39.5,7,381
4119292,plr_hightower_event,payload,[U:1:913327875],letranger,2,641,37.705882352941174,6,381
4119292,plr_hightower_event,payload,[U:1:913327875],spy_cicle,4,1040,208.0,6,381
4119291,plr_hightower,payload,[U:1:296600241],revolver,1,902,37.583333333333336,5,293
4119291,plr_hightower,payload,[U:1:296600241],knife,2,900,450.0,5,293
4119291,plr_hightower,payload,[U:1:854284787],ambassador,1,211,42.2,5,293
4119291,plr_hightower,payload,[U:1:854284787],knife,2,530,176.66666666666666,5,293
4119291,plr_hightower,payload,[U:1:854284787],revolver,0,34,34.0,5,293
4119290,plr_hightower,payload,[U:1:24006],knife,2,490,245.0,6,308
4119290,plr_hightower,payload,[U:1:24006],revolver,0,90,45.0,6,308
4119290,plr_hightower,payload,[U:1:150084758],knife,4,1204,240.8,4,308
4119290,plr_hightower,payload,[U:1:150084758],diamondback,0,70,23.333333333333332,4,308
4119289,plr_hightower,payload,[U:1:132997525],black_rose,2,650,162.5,1,133
4119289,plr_hightower,payload,[U:1:132997525],revolver,2,308,44.0,1,133
4119289,plr_hightower,payload,[U:1:91760967],big_earner,3,982,245.5,2,133
4119289,plr_hightower,payload,[U:1:91760967],revolver,0,126,31.5,2,133
4119288,plr_hightower,payload,[U:1:47762820],eternal_reward,3,1220,244.0,5,341
4119288,plr_hightower,payload,[U:1:47762820],diamondback,1,590,49.166666666666664,5,341
4119288,plr_hightower,payload,[U:1:402412345],kunai,5,1928,160.66666666666666,6,341
4119288,plr_hightower,payload,[U:1:402412345],letranger,0,234,39.0,6,341
4119287,plr_hightower_event,payload,[U:1:1050052063],knife,5,2330,332.85714285714283,7,307
4119287,plr_hightower_event,payload,[U:1:1050052063],letranger,0,31,31.0,7,307
4119287,plr_hightower_event,payload,[U:1:913327875],spy_cicle,8,3226,268.8333333333333,2,307
4119287,plr_hightower_event,payload,[U:1:913327875],letranger,0,123,41.0,2,307
4119285,plr_hightower,payload,[U:1:838473870],knife,25,10412,335.8709677419355,7,1094
4119285,plr_hightower,payload,[U:1:838473870],revolver,0,59,59.0,7,1094
4119285,plr_hightower,payload,[U:1:838473870],ambassador,1,323,46.142857142857146,7,1094
4119285,plr_hightower,payload,[U:1:838473870],diamondback,3,839,83.9,7,1094
4119285,plr_hightower,payload,[U:1:1207143291],ambassador,2,349,38.77777777777778,23,1094
4119285,plr_hightower,payload,[U:1:1207143291],big_earner,3,1340,103.07692307692308,23,1094
4119285,plr_hightower,payload,[U:1:1207143291],enforcer,0,0,0.0,23,1094
4119285,plr_hightower,payload,[U:1:1207143291],letranger,0,101,33.666666666666664,23,1094
4119285,plr_hightower,payload,[U:1:1207143291],world,1,0,0.0,23,1094
4119284,plr_hightower,payload,[U:1:24006],revolver,0,0,0.0,5,253
4119284,plr_hightower,payload,[U:1:150084758],knife,5,2114,302.0,4,253
4119284,plr_hightower,payload,[U:1:150084758],diamondback,0,0,0.0,4,253
4119283,plr_hightower,payload,[U:1:296600241],diamondback,0,123,41.0,3,162
4119283,plr_hightower,payload,[U:1:296600241],knife,1,384,384.0,3,162
4119283,plr_hightower,payload,[U:1:296600241],revolver,2,140,28.0,3,162
4119283,plr_hightower,payload,[U:1:854284787],ambassador,0,90,45.0,5,162
4119282,plr_hightower,payload,[U:1:91515760],spy_cicle,3,980,245.0,1,199
4119282,plr_hightower,payload,[U:1:91515760],diamondback,1,422,46.888888888888886,1,199
4119282,plr_hightower,payload,[U:1:134789291],spy_cicle,1,450,450.0,3,199
4119282,plr_hightower,payload,[U:1:134789291],letranger,0,129,25.8,3,199
4119281,plr_hightower,payload,[U:1:460306995],kunai,10,4580,381.6666666666667,7,376
4119281,plr_hightower,payload,[U:1:460306995],letranger,2,326,36.22222222222222,7,376
4119281,plr_hightower,payload,[U:1:195643820],knife,3,1510,215.71428571428572,6,376
4119281,plr_hightower,payload,[U:1:195643820],revolver,0,23,23.0,6,376
4119281,plr_hightower,payload,[U:1:195643820],diamondback,0,0,0.0,6,376
4119280,plr_hightower,payload,[U:1:855820800],knife,5,2392,265.77777777777777,4,355
4119280,plr_hightower,payload,[U:1:855820800],enforcer,1,362,30.166666666666668,4,355
4119280,plr_hightower,payload,[U:1:855820800],revolver,5,1079,43.16,4,355
4119280,plr_hightower,payload,[U:1:84235938],black_rose,6,2820,313.3333333333333,5,355
4119280,plr_hightower,payload,[U:1:84235938],samrevolver,1,236,47.2,5,355
4119280,plr_hightower,payload,[U:1:84235938],kunai,4,1920,274.2857142857143,5,355
4119279,plr_hightower,payload,[U:1:87750936],ambassador,4,1208,44.74074074074074,2,300
4119279,plr_hightower,payload,[U:1:87750936],spy_cicle,3,1430,286.0,2,300
4119279,plr_hightower,payload,[U:1:168083213],diamondback,0,98,24.5,6,300
4119279,plr_hightower,payload,[U:1:168083213],revolver,3,568,37.86666666666667,6,300
4119279,plr_hightower,payload,[U:1:168083213],knife,1,490,245.0,6,300
4119278,plr_hightower,payload,[U:1:116851640],revolver,0,0,0.0,3,165
4119278,plr_hightower,payload,[U:1:116851640],knife,2,940,313.3333333333333,3,165
4119278,plr_hightower,payload,[U:1:1053602743],kunai,3,1470,245.0,3,165
4119278,plr_hightower,payload,[U:1:1053602743],diamondback,1,190,47.5,3,165
4119277,plr_hightower,payload,[U:1:802411500],kunai,7,3350,279.1666666666667,4,236
4119277,plr_hightower,payload,[U:1:802411500],world,1,0,0.0,4,236
4119277,plr_hightower,payload,[U:1:802411500],ambassador,0,27,27.0,4,236
4119277,plr_hightower,payload,[U:1:414309690],revolver,2,482,48.2,3,236
4119277,plr_hightower,payload,[U:1:414309690],spy_cicle,2,940,313.3333333333333,3,236
4119275,plr_hightower,payload,[U:1:74938817],kunai,2,480,240.0,0,138
4119275,plr_hightower,payload,[U:1:74938817],diamondback,2,353,88.25,0,138
4119275,plr_hightower,payload,[U:1:151713081],knife,1,450,450.0,3,138
4119273,plr_hightower,payload,[U:1:346771441],spy_cicle,3,928,232.0,4,373
4119273,plr_hightower,payload,[U:1:346771441],revolver,0,111,37.0,4,373
4119273,plr_hightower,payload,[U:1:346771441],ambassador,0,0,0.0,4,373
4119273,plr_hightower,payload,[U:1:346771441],big_earner,2,610,122.0,4,373
4119273,plr_hightower,payload,[U:1:346771441],letranger,0,44,44.0,4,373
4119273,plr_hightower,payload,[U:1:916121977],sharp_dresser,2,966,120.75,8,373
4119273,plr_hightower,payload,[U:1:916121977],enforcer,0,0,0.0,8,373
4119273,plr_hightower,payload,[U:1:916121977],revolver,0,0,0.0,8,373
4119272,plr_hightower,payload,[U:1:837702533],big_earner,1,490,245.0,1,115
4119271,plr_hightower,payload,[U:1:1050052063],knife,6,2244,280.5,4,271
4119271,plr_hightower,payload,[U:1:913327875],letranger,1,271,30.11111111111111,2,271
4119271,plr_hightower,payload,[U:1:913327875],spy_cicle,3,1390,347.5,2,271
4119270,plr_hightower,payload,[U:1:116851640],knife,0,40,40.0,4,151
4119270,plr_hightower,payload,[U:1:116851640],ambassador,0,42,14.0,4,151
4119270,plr_hightower,payload,[U:1:1053602743],kunai,7,2612,237.45454545454547,1,151
4119270,plr_hightower,payload,[U:1:1053602743],diamondback,3,449,89.8,1,151
4119268,plr_hightower,payload,[U:1:802411500],ambassador,1,187,46.75,6,296
4119268,plr_hightower,payload,[U:1:802411500],kunai,5,2290,381.6666666666667,6,296
4119268,plr_hightower,payload,[U:1:414309690],diamondback,0,291,26.454545454545453,5,293
4119268,plr_hightower,payload,[U:1:414309690],spy_cicle,2,886,295.3333333333333,5,293
4119267,plr_hightower,payload,[U:1:90932741],spy_cicle,2,940,313.3333333333333,1,118
4119267,plr_hightower,payload,[U:1:90932741],letranger,0,51,17.0,1,118
4119267,plr_hightower,payload,[U:1:1271522722],spy_cicle,1,450,450.0,2,118
4119267,plr_hightower,payload,[U:1:1271522722],revolver,0,0,0.0,2,118
4119265,plr_hightower,payload,[U:1:158612354],kunai,10,4740,296.25,15,910
4119265,plr_hightower,payload,[U:1:158612354],ambassador,4,612,61.2,15,910
4119265,plr_hightower,payload,[U:1:158612354],black_rose,1,138,138.0,15,910
4119265,plr_hightower,payload,[U:1:82906216],spy_cicle,6,2628,154.58823529411765,12,974
4119265,plr_hightower,payload,[U:1:82906216],diamondback,15,3268,39.373493975903614,12,974
4119263,plr_hightower_event,payload,[U:1:277770330],big_earner,1,450,450.0,1,110
4119263,plr_hightower_event,payload,[U:1:277770330],revolver,0,240,34.285714285714285,1,110
4119263,plr_hightower_event,payload,[U:1:277770330],unknown,0,284,23.666666666666668,1,110
4119263,plr_hightower_event,payload,[U:1:82906216],samrevolver,5,1312,42.32258064516129,9,420
4119263,plr_hightower_event,payload,[U:1:82906216],unknown,0,491,23.38095238095238,9,420
4119263,plr_hightower_event,payload,[U:1:82906216],spy_cicle,1,690,98.57142857142857,9,420
4119263,plr_hightower_event,payload,[U:1:82906216],spellbook_mirv,1,0,0.0,9,420
4119262,plr_hightower,payload,[U:1:1050052063],knife,10,3810,254.0,6,547
4119262,plr_hightower,payload,[U:1:1050052063],letranger,1,132,44.0,6,547
4119262,plr_hightower,payload,[U:1:24006],knife,5,2330,332.85714285714283,6,547
4119262,plr_hightower,payload,[U:1:24006],revolver,1,157,39.25,6,547
4119254,pl_upward_f12,payload,[U:1:1260144095],letranger,0,155,31.0,15,1050
4119254,pl_upward_f12,payload,[U:1:1260144095],spy_cicle,5,2370,296.25,15,1050
4119254,pl_upward_f12,payload,[U:1:1260144095],knife,3,1470,245.0,15,1050
4119254,pl_upward_f12,payload,[U:1:1683446862],letranger,4,1433,34.11904761904762,12,1050
4119254,pl_upward_f12,payload,[U:1:1683446862],knife,16,7030,334.76190476190476,12,1050
4119153,pl_vigil_rc10,payload,[U:1:445223556],big_earner,6,2598,288.6666666666667,8,731
4119153,pl_vigil_rc10,payload,[U:1:445223556],letranger,1,208,41.6,8,731
4119153,pl_vigil_rc10,payload,[U:1:336174356],knife,6,2820,352.5,12,731
4119153,pl_vigil_rc10,payload,[U:1:336174356],letranger,1,220,27.5,12,731
4119153,pl_vigil_rc10,payload,[U:1:336174356],big_earner,3,1430,286.0,12,731
4119121,pl_upward_f12,payload,[U:1:100364379],letranger,0,82,27.333333333333332,21,1540
4119121,pl_upward_f12,payload,[U:1:100364379],spy_cicle,14,5900,368.75,21,1540
4119121,pl_upward_f12,payload,[U:1:100364379],enforcer,3,405,50.625,21,1540
4119121,pl_upward_f12,payload,[U:1:445223556],big_earner,17,7480,340.0,13,1540
4119121,pl_upward_f12,payload,[U:1:445223556],letranger,1,257,42.833333333333336,13,1540
4119099,pl_swiftwater_final1,payload,[U:1:100364379],revolver,0,0,0.0,20,1520
4119099,pl_swiftwater_final1,payload,[U:1:100364379],enforcer,0,426,35.5,20,1520
4119099,pl_swiftwater_final1,payload,[U:1:100364379],spy_cicle,8,3280,205.0,20,1520
4119099,pl_swiftwater_final1,payload,[U:1:445223556],big_earner,17,7336,305.6666666666667,11,1520
4119099,pl_swiftwater_final1,payload,[U:1:445223556],letranger,1,215,43.0,11,1520
4119099,pl_swiftwater_final1,payload,[U:1:445223556],enforcer,0,0,0.0,11,1520
4119031,pl_upward_f12,payload,[U:1:407077917],kunai,22,9462,337.92857142857144,35,1743
4119031,pl_upward_f12,payload,[U:1:407077917],player,1,0,0.0,35,1743
4119031,pl_upward_f12,payload,[U:1:407077917],revolver,0,0,0.0,35,1743
4119031,pl_upward_f12,payload,[U:1:407077917],big_earner,2,900,450.0,35,1743
4119031,pl_upward_f12,payload,[U:1:225235419],ambassador,2,473,52.55555555555556,33,1743
4119031,pl_upward_f12,payload,[U:1:225235419],big_earner,24,10372,272.94736842105266,33,1743
4119031,pl_upward_f12,payload,[U:1:225235419],enforcer,0,31,31.0,33,1743
4119026,pl_upward_f12,payload,[U:1:407077917],kunai,22,9462,337.92857142857144,35,1743
4119026,pl_upward_f12,payload,[U:1:407077917],player,1,0,0.0,35,1743
4119026,pl_upward_f12,payload,[U:1:407077917],revolver,0,0,0.0,35,1743
4119026,pl_upward_f12,payload,[U:1:407077917],big_earner,2,900,450.0,35,1743
4119026,pl_upward_f12,payload,[U:1:225235419],ambassador,2,473,52.55555555555556,33,1743
4119026,pl_upward_f12,payload,[U:1:225235419],big_earner,24,10372,272.94736842105266,33,1743
4119026,pl_upward_f12,payload,[U:1:225235419],enforcer,0,31,31.0,33,1743
4118989,pl_vigil_rc10,payload,[U:1:1648392294],knife,3,1470,245.0,12,1139
4118989,pl_vigil_rc10,payload,[U:1:1648392294],letranger,0,257,32.125,12,1139
4118989,pl_vigil_rc10,payload,[U:1:1648392294],revolver,2,822,34.25,12,1139
4118989,pl_vigil_rc10,payload,[U:1:1648392294],enforcer,1,352,32.0,12,1139
4118989,pl_vigil_rc10,payload,[U:1:1648392294],spy_cicle,1,276,276.0,12,1139
4118989,pl_vigil_rc10,payload,[U:1:414309690],ambassador,7,1961,61.28125,16,1140
4118989,pl_vigil_rc10,payload,[U:1:414309690],spy_cicle,4,1880,313.3333333333333,16,1140
4118989,pl_vigil_rc10,payload,[U:1:414309690],enforcer,3,668,41.75,16,1140
4118981,pl_vigil_rc10,payload,[U:1:216095022],letranger,1,231,38.5,20,1267
4118981,pl_vigil_rc10,payload,[U:1:216095022],spy_cicle,9,3444,313.09090909090907,20,1267
4118981,pl_vigil_rc10,payload,[U:1:216095022],enforcer,0,164,20.5,20,1267
4118981,pl_vigil_rc10,payload,[U:1:216095022],revolver,4,548,45.666666666666664,20,1267
4118981,pl_vigil_rc10,payload,[U:1:1365412974],samrevolver,2,983,46.80952380952381,23,1265
4118981,pl_vigil_rc10,payload,[U:1:1365412974],spy_cicle,11,4700,361.53846153846155,23,1265
4118981,pl_vigil_rc10,payload,[U:1:1365412974],ambassador,0,0,0.0,23,1265
4118981,pl_vigil_rc10,payload,[U:1:1365412974],knife,2,1060,176.66666666666666,23,1265
4118981,pl_vigil_rc10,payload,[U:1:1365412974],enforcer,0,222,37.0,23,1265
4118977,pl_swiftwater_final1,payload,[U:1:134106724],letranger,6,857,38.95454545454545,23,1941
4118977,pl_swiftwater_final1,payload,[U:1:134106724],spy_cicle,18,8196,341.5,23,1941
4118977,pl_swiftwater_final1,payload,[U:1:134106724],enforcer,4,936,40.69565217391305,23,1941
4118977,pl_swiftwater_final1,payload,[U:1:134106724],revolver,0,105,52.5,23,1941
4118977,pl_swiftwater_final1,payload,[U:1:201802911],revolver,6,2202,47.869565217391305,25,1941
4118977,pl_swiftwater_final1,payload,[U:1:201802911],letranger,0,0,0.0,25,1941
4118977,pl_swiftwater_final1,payload,[U:1:201802911],spy_cicle,16,7100,338.0952380952381,25,1941
4118976,pl_vigil_rc10,payload,[U:1:1648392294],letranger,1,220,36.666666666666664,17,1259
4118976,pl_vigil_rc10,payload,[U:1:1648392294],knife,6,2820,313.3333333333333,17,1259
4118976,pl_vigil_rc10,payload,[U:1:1648392294],enforcer,5,752,35.80952380952381,17,1259
4118976,pl_vigil_rc10,payload,[U:1:1648392294],spy_cicle,3,1470,245.0,17,1259
4118976,pl_vigil_rc10,payload,[U:1:1648392294],revolver,2,450,37.5,17,1259
4118976,pl_vigil_rc10,payload,[U:1:414309690],ambassador,10,2647,49.943396226415096,15,1259
4118976,pl_vigil_rc10,payload,[U:1:414309690],spy_cicle,11,4726,248.73684210526315,15,1259
4118976,pl_vigil_rc10,payload,[U:1:414309690],enforcer,0,0,0.0,15,1259
4118970,pl_swiftwater_final1,payload,[U:1:134106724],enforcer,2,411,41.1,8,662
4118970,pl_swiftwater_final1,payload,[U:1:134106724],spy_cicle,4,1800,450.0,8,662
4118970,pl_swiftwater_final1,payload,[U:1:134106724],revolver,0,105,52.5,8,662
4118970,pl_swiftwater_final1,payload,[U:1:134106724],letranger,1,123,41.0,8,662
4118970,pl_swiftwater_final1,payload,[U:1:201802911],revolver,0,577,44.38461538461539,7,662
4118970,pl_swiftwater_final1,payload,[U:1:201802911],spy_cicle,5,2290,381.6666666666667,7,662
4118965,pl_swiftwater_final1,payload,[U:1:216095022],spy_cicle,6,2780,347.5,9,980
4118965,pl_swiftwater_final1,payload,[U:1:216095022],revolver,4,889,46.78947368421053,9,980
4118965,pl_swiftwater_final1,payload,[U:1:216095022],letranger,1,432,30.857142857142858,9,980
4118965,pl_swiftwater_final1,payload,[U:1:1365412974],letranger,0,160,40.0,14,923
4118965,pl_swiftwater_final1,payload,[U:1:1365412974],spy_cicle,6,1920,274.2857142857143,14,923
4118965,pl_swiftwater_final1,payload,[U:1:1365412974],enforcer,0,0,0.0,14,923
4118965,pl_swiftwater_final1,payload,[U:1:1365412974],knife,0,40,40.0,14,923
4118965,pl_swiftwater_final1,payload,[U:1:1365412974],samrevolver,1,749,49.93333333333333,14,923
4118965,pl_swiftwater_final1,payload,[U:1:1365412974],ambassador,2,350,70.0,14,923
4118963,pl_swiftwater_final1,payload,[U:1:992302338],spy_cicle,16,7196,399.77777777777777,15,1341
4118963,pl_swiftwater_final1,payload,[U:1:992302338],revolver,1,194,38.8,15,1341
4118963,pl_swiftwater_final1,payload,[U:1:992302338],enforcer,0,266,33.25,15,1341
4118963,pl_swiftwater_final1,payload,[U:1:992302338],knife,5,1920,274.2857142857143,15,1341
4118963,pl_swiftwater_final1,payload,[U:1:1259109526],spy_cicle,13,5792,386.1333333333333,15,1341
4118963,pl_swiftwater_final1,payload,[U:1:1259109526],letranger,1,217,43.4,15,1341
4118963,pl_swiftwater_final1,payload,[U:1:1259109526],world,1,0,0.0,15,1341
4118963,pl_swiftwater_final1,payload,[U:1:1259109526],knife,5,2330,332.85714285714283,15,1341
4118958,pl_swiftwater_final1,payload,[U:1:1205901721],enforcer,3,513,39.46153846153846,8,829
4118958,pl_swiftwater_final1,payload,[U:1:1205901721],spy_cicle,7,2980,372.5,8,829
4118958,pl_swiftwater_final1,payload,[U:1:1205901721],samrevolver,0,59,59.0,8,829
4118958,pl_swiftwater_final1,payload,[U:1:135385146],letranger,0,98,32.666666666666664,10,829
4118958,pl_swiftwater_final1,payload,[U:1:135385146],knife,6,2746,228.83333333333334,10,829
4118958,pl_swiftwater_final1,payload,[U:1:135385146],revolver,2,640,49.23076923076923,10,829
4118958,pl_swiftwater_final1,payload,[U:1:135385146],world,2,0,0.0,10,829
4118958,pl_swiftwater_final1,payload,[U:1:135385146],enforcer,0,63,21.0,10,829
4118955,pl_swiftwater_final1,payload,[U:1:134106724],letranger,5,734,38.63157894736842,15,1279
4118955,pl_swiftwater_final1,payload,[U:1:134106724],spy_cicle,14,6396,319.8,15,1279
4118955,pl_swiftwater_final1,payload,[U:1:134106724],enforcer,2,525,40.38461538461539,15,1279
4118955,pl_swiftwater_final1,payload,[U:1:201802911],revolver,6,1625,49.24242424242424,18,1279
4118955,pl_swiftwater_final1,payload,[U:1:201802911],letranger,0,0,0.0,18,1279
4118955,pl_swiftwater_final1,payload,[U:1:201802911],spy_cicle,11,4810,320.6666666666667,18,1279
4118954,pl_swiftwater_final1,payload,[U:1:1648392294],revolver,0,70,35.0,7,754
4118954,pl_swiftwater_final1,payload,[U:1:1648392294],spy_cicle,4,1840,368.0,7,754
4118954,pl_swiftwater_final1,payload,[U:1:1648392294],enforcer,2,565,37.666666666666664,7,754
4118954,pl_swiftwater_final1,payload,[U:1:414309690],enforcer,0,51,51.0,8,752
4118954,pl_swiftwater_final1,payload,[U:1:414309690],spy_cicle,3,1470,245.0,8,752
4118954,pl_swiftwater_final1,payload,[U:1:414309690],revolver,1,549,45.75,8,752
4118954,pl_swiftwater_final1,payload,[U:1:414309690],letranger,0,87,43.5,8,752
4118951,pl_swiftwater_final1,payload,[U:1:216095022],spy_cicle,6,2694,449.0,10,776
4118951,pl_swiftwater_final1,payload,[U:1:216095022],letranger,1,103,34.333333333333336,10,776
4118951,pl_swiftwater_final1,payload,[U:1:216095022],revolver,1,748,46.75,10,776
4118951,pl_swiftwater_final1,payload,[U:1:1365412974],samrevolver,2,380,54.285714285714285,8,776
4118951,pl_swiftwater_final1,payload,[U:1:1365412974],knife,2,900,450.0,8,776
4118951,pl_swiftwater_final1,payload,[U:1:1365412974],spy_cicle,1,490,245.0,8,776
4118951,pl_swiftwater_final1,payload,[U:1:1365412974],letranger,0,86,43.0,8,776
4118951,pl_swiftwater_final1,payload,[U:1:1365412974],enforcer,0,0,0.0,8,776
4118944,pl_swiftwater_final1,payload,[U:1:992302338],enforcer,2,187,46.75,6,698
4118944,pl_swiftwater_final1,payload,[U:1:992302338],knife,2,1020,204.0,6,698
4118944,pl_swiftwater_final1,payload,[U:1:992302338],spy_cicle,1,530,176.66666666666666,6,698
4118944,pl_swiftwater_final1,payload,[U:1:992302338],revolver,1,146,36.5,6,698
4118944,pl_swiftwater_final1,payload,[U:1:1259109526],spy_cicle,7,2432,304.0,2,698
4118944,pl_swiftwater_final1,payload,[U:1:1259109526],letranger,0,36,18.0,2,698
4118942,pl_swiftwater_final1,payload,[U:1:1205901721],samrevolver,3,114,38.0,8,922
4118942,pl_swiftwater_final1,payload,[U:1:1205901721],spy_cicle,4,1840,368.0,8,922
4118942,pl_swiftwater_final1,payload,[U:1:1205901721],knife,0,40,40.0,8,922
4118942,pl_swiftwater_final1,payload,[U:1:1205901721],letranger,0,39,39.0,8,922
4118942,pl_swiftwater_final1,payload,[U:1:1205901721],enforcer,0,254,42.333333333333336,8,922
4118942,pl_swiftwater_final1,payload,[U:1:135385146],revolver,0,157,52.333333333333336,8,922
4118942,pl_swiftwater_final1,payload,[U:1:135385146],knife,14,6228,366.3529411764706,8,922
4118942,pl_swiftwater_final1,payload,[U:1:135385146],enforcer,0,116,58.0,8,922
4118942,pl_swiftwater_final1,payload,[U:1:135385146],letranger,0,154,30.8,8,922
4118939,pl_swiftwater_final1,payload,[U:1:216095022],spy_cicle,3,1164,194.0,11,760
4118939,pl_swiftwater_final1,payload,[U:1:216095022],revolver,0,74,37.0,11,760
4118939,pl_swiftwater_final1,payload,[U:1:216095022],letranger,1,179,29.833333333333332,11,760
4118939,pl_swiftwater_final1,payload,[U:1:216095022],world,1,0,0.0,11,760
4118939,pl_swiftwater_final1,payload,[U:1:1365412974],enforcer,3,536,44.666666666666664,8,754
4118939,pl_swiftwater_final1,payload,[U:1:1365412974],spy_cicle,2,840,420.0,8,754
4118939,pl_swiftwater_final1,payload,[U:1:1365412974],samrevolver,1,243,48.6,8,754
4118937,pl_swiftwater_final1,payload,[U:1:227974365],spy_cicle,32,13866,346.65,32,3134
4118937,pl_swiftwater_final1,payload,[U:1:227974365],letranger,4,921,38.375,32,3134
4118937,pl_swiftwater_final1,payload,[U:1:227974365],enforcer,6,1948,40.583333333333336,32,3134
4118937,pl_swiftwater_final1,payload,[U:1:197140423],letranger,3,936,26.742857142857144,46,3134
4118937,pl_swiftwater_final1,payload,[U:1:197140423],spy_cicle,23,10044,304.3636363636364,46,3134
